pangea_id	Mean_Date [YY/MM/DD hh:mm]*	Mean_Lat*	Mean_Long*	Mean_Depth [m]*	Mean_Temperature [deg C]*	Mean_Salinity [PSU]*	Mean_Oxygen [umol/kg]*	Mean_Nitrates[umol/L]*	NO2 [umol/L]**	PO4 [umol/L]**	NO2NO3 [umol/L]**	SI [umol/L]**	AMODIS:PAR8d,Einsteins/m-2/d-1	Okubo-Weiss	Lyapunov_exp.	grad_SST_adv	retention	Mean Depth MLD Sigma [m]*	Mean Depth Max Fluo [m]*	Mean Depth Max N2 [m]*	Mean Depth Max O2 [m]*	Mean Depth Min O2 [m]*	Mean Depth Nitracline [m]*	miTAG.SILVA.Taxo.Richness	miTAG.SILVA.Phylo.Diversity	miTAG.SILVA.Chao	miTAG.SILVA.ace	miTAG.SILVA.Shannon	OG.Shannon	OG.Richness	OG.Evenness	FC - heterotrophs [cells/mL]	FC - autotrophs [cells/mL]	FC - bacteria [cells/mL]	FC - picoeukaryotes [cells/mL]	minimum generation time [h]	sample	INSDC sample accession number(s)	INSDC run accession number(s)	Corresponding nucleotides data published at ENA	PANGAEA sample identifier	Corresponding contextual data published at PANGAEA	Station identifier [TARA_station#]	Date/Time [yyyy-mm-ddThh:mm]	lat	lon	Sampling depth [m]	Environmental Feature	Size fraction lower threshold [micrometre]	Size fraction upper threshold [micrometre]	Marine pelagic biomes (Longhurst 2007)	region	Marine pelagic biomes  (Longhurst 2007) [MRGID registered at www.marineregions.com]	level
TARA_B100000965	04/15/2011 01:10 PM	-12.99	-95.99	57.6	20.6	35.5	216.8	1.5	0.16	0.78	5.7	1.9	41.8	-0.02	0.05	0.34	8.97	35	61	51	52	239	146	3053	467	4404	4230	6.83	7.25	18465	0.738	384276	116141	500417	4501	14	TARA_100_DCM_0.22-3	ERS491874	ERR599081|ERR599113	http://www.ebi.ac.uk/ena/data/view/ERR599081,ERR599113	TARA_B100000965	http://www.pangaea.de/search?All&q=TARA_B100000965	TARA_100	2011-04-15 19:38:00	-12.9723	-96.0122	50	(DCM) deep chlorophyll maximum layer (ENVO:01000326)	0.22	3	Trades Biome	(SPO) South Pacific Ocean [MRGID:1910]	(SPSG) South Pacific Subtropical Gyre Province, North and South [MRGID:21486]	DCM
TARA_B100000959	04/16/2011 04:09 PM	-12.93	-96.12	175.3	13	34.8	0.7	21.1	0.03	2.68	23.9	19.6	43.1	-0.02	0.05	0.34	8.97	35	61	51	52	239	146	3172	505	4805	4686	6.68	7.23	17448	0.74	305319	0	305319	0	26	TARA_100_MES_0.22-3	ERS491913	ERR598946|ERR598953|ERR598981	http://www.ebi.ac.uk/ena/data/view/ERR598946,ERR598953,ERR598981	TARA_B100000959	http://www.pangaea.de/search?All&q=TARA_B100000959	TARA_100	2011-04-16 13:03:08	-12.9794	-96.0232	177	(DCM) deep chlorophyll maximum layer (ENVO:01000326) & marine oxygen minimum zone (ENVO:01000065)	0.22	3	Trades Biome	(SPO) South Pacific Ocean [MRGID:1910]	(SPSG) South Pacific Subtropical Gyre Province, North and South [MRGID:21486]	MES
TARA_B100000963	04/15/2011 01:10 PM	-12.99	-95.99	5.5	25.3	35.8	200.2	4.6	0.14	0.68	6.2	1.2	41.8	-0.02	0.05	0.34	8.97	35	61	51	52	239	146	2412	387	3504	3459	6.6	7.17	14283	0.749	464267	155789	620056	7780	14	TARA_100_SRF_0.22-3	ERS491836	ERR599063|ERR599163|ERR599169	http://www.ebi.ac.uk/ena/data/view/ERR599063,ERR599163,ERR599169	TARA_B100000963	http://www.pangaea.de/search?All&q=TARA_B100000963	TARA_100	2011-04-15 12:45:00	-13.0023	-95.9759	5	(SRF) surface water layer (ENVO:00002042)	0.22	3	Trades Biome	(SPO) South Pacific Ocean [MRGID:1910]	(SPSG) South Pacific Subtropical Gyre Province, North and South [MRGID:21486]	SRF
TARA_B100000902	04/22/2011 07:51 PM	-5.27	-85.23	45.7	19.6	34.9	103.9	20.3	1.2	1.86	24.4	10.5	44.4	0	0.04	1.8	3.75	18	37	36	29	353	41	2931	448	4241	4111	6.78	7.17	15878	0.741	1071414	246947	1318361	13382	12	TARA_102_DCM_0.22-3	ERS492012	ERR598962|ERR599007|ERR599168	http://www.ebi.ac.uk/ena/data/view/ERR598962,ERR599007,ERR599168	TARA_B100000902	http://www.pangaea.de/search?All&q=TARA_B100000902	TARA_102	2011-04-22 21:13:00	-5.2669	-85.2732	40	(DCM) deep chlorophyll maximum layer (ENVO:01000326)	0.22	3	Trades Biome	(SPO) South Pacific Ocean [MRGID:1910]	(PEOD) Pacific Equatorial Divergence Province [MRGID:21489]	DCM
TARA_B100000953	04/22/2011 02:16 PM	-5.27	-85.22	475.6	9.2	34.7	4.4	40	0.01	2.85	39.2	40.6	44.4	0	0.04	1.8	3.75	18	37	36	29	353	41	3108	491	4723	4643	6.68	7.19	17457	0.736	162019	0	162019	0	27	TARA_102_MES_0.22-3	ERS491980	ERR599055|ERR599128|ERR599132	http://www.ebi.ac.uk/ena/data/view/ERR599055,ERR599128,ERR599132	TARA_B100000953	http://www.pangaea.de/search?All&q=TARA_B100000953	TARA_102	2011-04-22 12:08:28	-5.261	-85.1678	480	(MES) mesopelagic zone (ENVO:00000213) & marine oxygen minimum zone (ENVO:01000065)	0.22	3	Trades Biome	(SPO) South Pacific Ocean [MRGID:1910]	(PEOD) Pacific Equatorial Divergence Province [MRGID:21489]	MES
TARA_B100000900	04/21/2011 08:16 PM	-5.25	-85.16	5.5	24.9	34.7	206	11.7	0.32	1	12.6	5	42.1	0	0.04	1.8	3.75	18	37	36	29	353	41	2293	357	3198	3093	6.62	7.13	13566	0.75	1032721	192335	1225056	19091	12	TARA_102_SRF_0.22-3	ERS491938	ERR598943|ERR598978	http://www.ebi.ac.uk/ena/data/view/ERR598943,ERR598978	TARA_B100000900	http://www.pangaea.de/search?All&q=TARA_B100000900	TARA_102	2011-04-21 20:07:00	-5.2529	-85.1545	5	(SRF) surface water layer (ENVO:00002042)	0.22	3	Trades Biome	(SPO) South Pacific Ocean [MRGID:1910]	(PEOD) Pacific Equatorial Divergence Province [MRGID:21489]	SRF
TARA_B100000927	05/13/2011 12:00 AM	2.08	-84.52	29.8	26.5	34.3	203.1	3.9	0.11	0.5	4.6	3.2	51.7	0.01	0.02	2.22	11.36	9	28	42	28	380	61	2501	401	3567	3451	6.68	7.17	15374	0.743	824281	155101	979382	4968	13	TARA_109_DCM_0.22-3	ERS492177	ERR598952|ERR599065|ERR599108	http://www.ebi.ac.uk/ena/data/view/ERR598952,ERR599065,ERR599108	TARA_B100000927	http://www.pangaea.de/search?All&q=TARA_B100000927	TARA_109	2011-05-12 22:15:00	2.0299	-84.5546	30	(DCM) deep chlorophyll maximum layer (ENVO:01000326)	0.22	3	Coastal Biome	(NPO) North Pacific Ocean [MRGID:1908]	(CHIL) Chile-Peru Current Coastal Province [MRGID:21495]	DCM
TARA_B100000929	05/13/2011 07:44 PM	2.07	-84.54	376.4	11.3	34.8	2.5	33.9	0.02	2.58	35.3	36.3	51.7	0.01	0.02	2.22	11.36	9	28	42	28	380	61	3372	531	4999	4927	6.83	7.29	18992	0.74	137487	0	137487	0	18	TARA_109_MES_0.22-3	ERS492205	ERR598971|ERR599067	http://www.ebi.ac.uk/ena/data/view/ERR598971,ERR599067	TARA_B100000929	http://www.pangaea.de/search?All&q=TARA_B100000929	TARA_109	2011-05-13 16:08:58	2.0649	-84.5546	380	(MES) mesopelagic zone (ENVO:00000213) & marine oxygen minimum zone (ENVO:01000065)	0.22	3	Coastal Biome	(NPO) North Pacific Ocean [MRGID:1908]	(CHIL) Chile-Peru Current Coastal Province [MRGID:21495]	MES
TARA_B100000925	05/12/2011 01:38 PM	1.99	-84.58	5.4	27.6	33.4	198.6	1.2	0.04	0.27	0.9	1.7	51.5	0.01	0.02	2.22	11.36	9	28	42	28	380	61	2356	388	3372	3269	6.65	7.17	15162	0.745	1053096	0	1053096	0	11	TARA_109_SRF_0.22-3	ERS492145	ERR598997|ERR599118	http://www.ebi.ac.uk/ena/data/view/ERR598997,ERR599118	TARA_B100000925	http://www.pangaea.de/search?All&q=TARA_B100000925	TARA_109	2011-05-12 14:00:00	1.9928	-84.5766	5	(SRF) surface water layer (ENVO:00002042)	0.22	3	Coastal Biome	(NPO) North Pacific Ocean [MRGID:1908]	(CHIL) Chile-Peru Current Coastal Province [MRGID:21495]	SRF
TARA_B100001113	05/21/2011 11:21 PM	-1.84	-84.63	48.7	21.8	35.1	144.6	10.9	0.41	0.93	10.7	6	46.5	0.02	0	0.43	7.03	22	41	81	29	347	253	2874	443	4207	4039	6.8	7.19	16528	0.74	NA	NA	NA	NA	10	TARA_110_DCM_0.22-3	ERS492264	ERR599014	http://www.ebi.ac.uk/ena/data/view/ERR599014	TARA_B100001113	http://www.pangaea.de/search?All&q=TARA_B100001113	TARA_110	2011-05-21 21:00:00	-1.9002	-84.6265	50	(DCM) deep chlorophyll maximum layer (ENVO:01000326)	0.22	3	Trades Biome	(SPO) South Pacific Ocean [MRGID:1910]	(SPSG) South Pacific Subtropical Gyre Province, North and South [MRGID:21486]	DCM
TARA_B100001079	05/22/2011 05:56 PM	-1.87	-84.62	376.9	10.3	34.8	1.3	34.6	0	2.8	38.1	35	46.5	0.02	0	0.43	7.03	22	41	81	29	347	253	4046	599	5912	5609	7.18	7.22	19565	0.731	85282	0	85282	0	18	TARA_110_MES_0.22-3	ERS492294	ERR599020	http://www.ebi.ac.uk/ena/data/view/ERR599020	TARA_B100001079	http://www.pangaea.de/search?All&q=TARA_B100001079	TARA_110	2011-05-22 13:20:00	-1.8902	-84.6141	380	(MES) mesopelagic zone (ENVO:00000213) & marine oxygen minimum zone (ENVO:01000065)	0.22	3	Trades Biome	(SPO) South Pacific Ocean [MRGID:1910]	(SPSG) South Pacific Subtropical Gyre Province, North and South [MRGID:21486]	MES
TARA_B100001109	05/21/2011 12:37 PM	-2.01	-84.59	5.5	23.9	35	190.8	6.7	0.31	0.75	8.2	3.9	47.2	0.02	0	0.43	7.03	22	41	81	29	347	253	2640	415	3820	3631	6.73	7.18	15814	0.743	646867	189912	836779	12656	13	TARA_110_SRF_0.22-3	ERS492228	ERR599039	http://www.ebi.ac.uk/ena/data/view/ERR599039	TARA_B100001109	http://www.pangaea.de/search?All&q=TARA_B100001109	TARA_110	2011-05-21 12:27:00	-2.0133	-84.589	5	(SRF) surface water layer (ENVO:00002042)	0.22	3	Trades Biome	(SPO) South Pacific Ocean [MRGID:1910]	(SPSG) South Pacific Subtropical Gyre Province, North and South [MRGID:21486]	SRF
TARA_B100000579	05/31/2011 09:23 PM	-16.96	-100.7	89	19.9	35.7	211.5	1.4	0.2	0.44	0.93	0.9	35.5	-0.05	0	1.04	69.36	67	83	80	29	301	248	2758	430	4020	3846	6.69	7.1	15057	0.738	603813	87283	691096	2476	12	TARA_111_DCM_0.22-3	ERS492357	ERR598961	http://www.ebi.ac.uk/ena/data/view/ERR598961	TARA_B100000579	http://www.pangaea.de/search?All&q=TARA_B100000579	TARA_111	2011-05-31 20:28:10	-16.9587	-100.6751	90	(DCM) deep chlorophyll maximum layer (ENVO:01000326)	0.22	3	Trades Biome	(SPO) South Pacific Ocean [MRGID:1910]	(SPSG) South Pacific Subtropical Gyre Province, North and South [MRGID:21486]	DCM
TARA_B100000586	06/01/2011 06:24 PM	-16.96	-100.66	347.1	10.9	34.7	3.2	30.4	0.01	2.73	34.61	26	34.4	-0.05	0	1.04	69.36	67	83	80	29	301	248	3033	489	4823	4702	6.67	7.14	17558	0.731	65052	0	65052	0	18	TARA_111_MES_0.22-3	ERS492381	ERR599086	http://www.ebi.ac.uk/ena/data/view/ERR599086	TARA_B100000586	http://www.pangaea.de/search?All&q=TARA_B100000586	TARA_111	2011-06-01 16:00:59	-16.9486	-100.6715	350	(MES) mesopelagic zone (ENVO:00000213) & marine oxygen minimum zone (ENVO:01000065)	0.22	3	Trades Biome	(SPO) South Pacific Ocean [MRGID:1910]	(SPSG) South Pacific Subtropical Gyre Province, North and South [MRGID:21486]	MES
TARA_B100000575	05/31/2011 02:12 PM	-16.96	-100.63	5.9	22.8	36	208.9	2.6	0.04	0.5	2.68	1	34.2	-0.05	0	1.04	69.36	67	83	80	29	301	248	2470	390	3597	3453	6.63	7.13	14494	0.744	498513	112358	610871	5839	13	TARA_111_SRF_0.22-3	ERS492321	ERR599077	http://www.ebi.ac.uk/ena/data/view/ERR599077	TARA_B100000575	http://www.pangaea.de/search?All&q=TARA_B100000575	TARA_111	2011-05-31 14:25:00	-16.9601	-100.6335	5	(SRF) surface water layer (ENVO:00002042)	0.22	3	Trades Biome	(SPO) South Pacific Ocean [MRGID:1910]	(SPSG) South Pacific Subtropical Gyre Province, North and South [MRGID:21486]	SRF
TARA_B100000945	06/15/2011 02:29 AM	-23.19	-129.54	153.5	22.3	35.9	207.1	0.5	0	0.11	0.02	0.7	24.9	-0.06	0.03	0.44	17.22	131	159	155	162	532	431	2987	467	4437	4283	6.58	7.17	17754	0.732	207805	106641	314446	604	14	TARA_112_DCM_0.22-3	ERS492445	ERR598957	http://www.ebi.ac.uk/ena/data/view/ERR598957	TARA_B100000945	http://www.pangaea.de/search?All&q=TARA_B100000945	TARA_112	2011-06-15 00:55:48	-23.2189	-129.4997	155	(DCM) deep chlorophyll maximum layer (ENVO:01000326)	0.22	3	Trades Biome	(SPO) South Pacific Ocean [MRGID:1910]	(SPSG) South Pacific Subtropical Gyre Province, North and South [MRGID:21486]	DCM
TARA_B100000949	06/15/2011 10:14 PM	-23.2	-129.64	689.3	5.8	34.3	199.2	29.2	0.01	2.15	31.46	20.6	24.5	-0.06	0.03	0.44	17.22	131	159	155	162	532	431	4077	617	6788	6741	6.72	7.31	20948	0.734	49879	0	49879	0	18	TARA_112_MES_0.22-3	ERS492471	ERR599072	http://www.ebi.ac.uk/ena/data/view/ERR599072	TARA_B100000949	http://www.pangaea.de/search?All&q=TARA_B100000949	TARA_112	2011-06-15 18:43:16	-23.2232	-129.5986	696	(MES) mesopelagic zone (ENVO:00000213)	0.22	3	Trades Biome	(SPO) South Pacific Ocean [MRGID:1910]	(SPSG) South Pacific Subtropical Gyre Province, North and South [MRGID:21486]	MES
TARA_B100000941	06/14/2011 04:54 PM	-23.28	-129.4	5.4	24.2	36.5	202.2	-0.9	0.01	0.14	0.03	0.8	27	-0.06	0.03	0.44	17.22	131	159	155	162	532	431	2653	421	4081	4021	6.52	7.12	16502	0.733	493328	118066	611394	321	15	TARA_112_SRF_0.22-3	ERS492408	ERR598954	http://www.ebi.ac.uk/ena/data/view/ERR598954	TARA_B100000941	http://www.pangaea.de/search?All&q=TARA_B100000941	TARA_112	2011-06-14 16:45:00	-23.2811	-129.3947	5	(SRF) surface water layer (ENVO:00002042)	0.22	3	Trades Biome	(SPO) South Pacific Ocean [MRGID:1910]	(SPSG) South Pacific Subtropical Gyre Province, North and South [MRGID:21486]	SRF
TARA_B100000700	07/28/2011 07:36 PM	-8.98	-139.2	113.3	24.7	36.1	179.9	2.3	0.1	0.59	2.8	1.8	39.6	0	0.02	NA	8.42	71	99	107	29	232	203	3284	512	4766	4571	6.8	7.31	19658	0.739	386471	83890	470361	1055	15	TARA_122_DCM_0.22-3	ERS492699	ERR598948	http://www.ebi.ac.uk/ena/data/view/ERR598948	TARA_B100000700	http://www.pangaea.de/search?All&q=TARA_B100000700	TARA_122	2011-07-28 17:15:56	-9.0063	-139.1394	115	(DCM) deep chlorophyll maximum layer (ENVO:01000326)	0.22	3	Trades Biome	(SPO) South Pacific Ocean [MRGID:1910]	(SPSG) South Pacific Subtropical Gyre Province, North and South [MRGID:21486]	DCM
TARA_B100000678	07/27/2011 11:48 PM	-8.99	-139.23	594.6	7.2	34.6	38.1	42.5	0.02	2.43	34.63	22.49	40.5	0	0.02	NA	8.42	71	99	107	29	232	203	4285	630	6483	6292	7.13	7.27	21889	0.727	89468	0	89468	0	23	TARA_122_MES_0.22-3	ERS492680	ERR598999|ERR599033|ERR599083|ERR599096	http://www.ebi.ac.uk/ena/data/view/ERR598999,ERR599033,ERR599083,ERR599096	TARA_B100000678	http://www.pangaea.de/search?All&q=TARA_B100000678	TARA_122	2011-07-27 19:28:43	-8.9729	-139.2393	600	(MES) mesopelagic zone (ENVO:00000213)	0.22	3	Trades Biome	(SPO) South Pacific Ocean [MRGID:1910]	(SPSG) South Pacific Subtropical Gyre Province, North and South [MRGID:21486]	MES
TARA_B100001115	07/26/2011 05:34 PM	-8.99	-139.21	5.9	26.5	35.4	186.2	4	0.12	0.57	5.46	2.19	40.2	0	0.02	NA	8.42	71	99	107	29	232	203	2417	397	3614	3506	6.58	7.13	16069	0.736	NA	150974	150974	5770	13	TARA_122_SRF_0.22-3	ERS492642	ERR598992	http://www.ebi.ac.uk/ena/data/view/ERR598992	TARA_B100001115	http://www.pangaea.de/search?All&q=TARA_B100001115	TARA_122	2011-07-26 17:10:00	-8.9971	-139.1963	5	(SRF) surface water layer (ENVO:00002042)	0.22	3	Trades Biome	(SPO) South Pacific Ocean [MRGID:1910]	(SPSG) South Pacific Subtropical Gyre Province, North and South [MRGID:21486]	SRF
TARA_B100000683	07/31/2011 05:24 PM	-8.91	-140.28	5.5	26.6	35.4	189.8	3.9	0.14	0.53	4.9	2.22	45.2	0.02	0.04	NA	0	88	35	122	29	339	233	2819	464	4526	4335	6.5	7.21	19169	0.731	721664	31112	752776	10279	10	TARA_123_SRF_0.22-3	ERS492733	ERR599160	http://www.ebi.ac.uk/ena/data/view/ERR599160	TARA_B100000683	http://www.pangaea.de/search?All&q=TARA_B100000683	TARA_123	2011-07-31 17:20:00	-8.9068	-140.283	5	(SRF) surface water layer (ENVO:00002042)	0.22	3	Trades Biome	(SPO) South Pacific Ocean [MRGID:1910]	(SPSG) South Pacific Subtropical Gyre Province, North and South [MRGID:21486]	SRF
TARA_B100000686	08/01/2011 08:13 PM	-8.9	-140.29	148	22.1	35.9	161.3	5	1.47	0.66	5.43	1.19	45.2	0.02	0.04	NA	0	88	35	122	29	339	233	3502	551	5632	5536	6.28	7.19	19275	0.729	236172	9851	246023	191	13	TARA_123_MIX_0.22-3	ERS492778	ERR598956|ERR598998|ERR599117|ERR599157	http://www.ebi.ac.uk/ena/data/view/ERR598956,ERR598998,ERR599117,ERR599157	TARA_B100000686	http://www.pangaea.de/search?All&q=TARA_B100000686	TARA_123	2011-08-01 17:52:45	-8.9109	-140.2845	150	(MIX) marine epipelagic mixed layer (ENVO:01000061)	0.22	3	Trades Biome	(SPO) South Pacific Ocean [MRGID:1910]	(SPSG) South Pacific Subtropical Gyre Province, North and South [MRGID:21486]	MIX
TARA_B100000674	08/05/2011 12:27 AM	-9.11	-140.58	9.9	26.5	35.4	190.7	5.1	0.16	0.63	6.18	2.52	NA	0.02	0.04	NA	0	92	33	115	31	241	187	2532	421	3812	3660	6.62	7.21	17533	0.738	705265	250340	955605	10669	13	TARA_124_SRF_0.22-3	ERS492821|ERS492814	ERR588857|ERR599036|ERR599069|ERR599080|ERR599151	http://www.ebi.ac.uk/ena/data/view/ERR588857,ERR599036,ERR599069,ERR599080,ERR599151	TARA_B100000674	http://www.pangaea.de/search?All&q=TARA_B100000674	TARA_124	2011-08-04 18:33:00	-9.1504	-140.5216	5	(SRF) surface water layer (ENVO:00002042)	0.22	3	Trades Biome	(SPO) South Pacific Ocean [MRGID:1910]	(SPSG) South Pacific Subtropical Gyre Province, North and South [MRGID:21486]	SRF
TARA_B100000676	08/05/2011 07:30 PM	-9.07	-140.62	118.3	25.2	35.8	175.9	4.5	0.35	0.49	1.21	1.47	NA	0.02	0.04	NA	0	92	33	115	31	241	187	3419	543	5265	5140	6.6	7.21	19030	0.732	446146	17646	463792	8414	13	TARA_124_MIX_0.22-3	ERS492863	ERR598988|ERR599084|ERR599089|ERR599161	http://www.ebi.ac.uk/ena/data/view/ERR598988,ERR599084,ERR599089,ERR599161	TARA_B100000676	http://www.pangaea.de/search?All&q=TARA_B100000676	TARA_124	2011-08-05 17:31:19	-9.0714	-140.5973	120	(MIX) marine epipelagic mixed layer (ENVO:01000061)	0.22	3	Trades Biome	(SPO) South Pacific Ocean [MRGID:1910]	(SPSG) South Pacific Subtropical Gyre Province, North and South [MRGID:21486]	MIX
TARA_B100001121	08/08/2011 05:38 PM	-8.91	-142.56	5.5	26.8	35.4	187.3	5	0.19	0.56	3.73	1.8	NA	-0.01	0	0.14	2.78	95	44	104	29	246	214	2530	413	3865	3776	6.67	7.17	17303	0.734	800561	146848	947408	5808	14	TARA_125_SRF_0.22-3	ERS492888	ERR599066|ERR599091|ERR599114|ERR599119	http://www.ebi.ac.uk/ena/data/view/ERR599066,ERR599091,ERR599114,ERR599119	TARA_B100001121	http://www.pangaea.de/search?All&q=TARA_B100001121	TARA_125	2011-08-08 17:33:00	-8.9111	-142.5571	5	(SRF) surface water layer (ENVO:00002042)	0.22	3	Trades Biome	(SPO) South Pacific Ocean [MRGID:1910]	(SPSG) South Pacific Subtropical Gyre Province, North and South [MRGID:21486]	SRF
TARA_B100001123	08/09/2011 07:06 PM	-8.9	-142.58	138.2	23.7	36.3	160.5	3.7	0.06	0.56	3.15	1.34	NA	-0.01	0	0.14	2.78	95	44	104	29	246	214	3359	537	5430	5408	6.34	7.25	20052	0.732	301709	413	302122	8	18	TARA_125_MIX_0.22-3	ERS492926	ERR599156	http://www.ebi.ac.uk/ena/data/view/ERR599156	TARA_B100001123	http://www.pangaea.de/search?All&q=TARA_B100001123	TARA_125	2011-08-09 17:05:33	-8.8999	-142.5461	140	(MIX) marine epipelagic mixed layer (ENVO:01000061)	0.22	3	Trades Biome	(SPO) South Pacific Ocean [MRGID:1910]	(SPSG) South Pacific Subtropical Gyre Province, North and South [MRGID:21486]	MIX
TARA_B100000614	09/04/2011 11:14 PM	0	-153.68	41.7	26.1	35.1	177	4.4	0.28	0.55	5.26	2.74	NA	0.01	0	0.26	0	35	40	106	29	440	468	3128	485	4723	4675	6.74	7.25	19859	0.733	484331	181360	665691	7895	15	TARA_128_DCM_0.22-3	ERS493098	ERR599032	http://www.ebi.ac.uk/ena/data/view/ERR599032	TARA_B100000614	http://www.pangaea.de/search?All&q=TARA_B100000614	TARA_128	2011-09-05 18:40:00	0.0222	-153.6858	40	(DCM) deep chlorophyll maximum layer (ENVO:01000326)	0.22	3	Trades Biome	(SPO) South Pacific Ocean [MRGID:1910]	(PEOD) Pacific Equatorial Divergence Province [MRGID:21489]	DCM
TARA_B100000609	09/04/2011 06:04 PM	0	-153.68	5.4	26.1	35.1	179.9	2.5	0.27	0.54	5.08	2.67	NA	0.01	0	0.26	0	35	40	106	29	440	468	2977	476	4617	4499	6.67	7.18	18140	0.732	435093	179847	614940	7872	12	TARA_128_SRF_0.22-3	ERS493044	ERR599038	http://www.ebi.ac.uk/ena/data/view/ERR599038	TARA_B100000609	http://www.pangaea.de/search?All&q=TARA_B100000609	TARA_128	2011-09-04 18:00:00	3e-04	-153.6759	5	(SRF) surface water layer (ENVO:00002042)	0.22	3	Trades Biome	(SPO) South Pacific Ocean [MRGID:1910]	(PEOD) Pacific Equatorial Divergence Province [MRGID:21489]	SRF
TARA_B100001250	10/05/2011 01:55 AM	31.5	-159.06	113.8	15.3	34.4	225.5	0.7	0.02	0.13	0.05	4.45	NA	0.03	0.06	NA	1.39	41	113	52	54	456	276	3385	530	5352	5077	6.56	7.12	17994	0.727	278945	46488	325434	673	10	TARA_132_DCM_0.22-3	ERS493340	ERR598995	http://www.ebi.ac.uk/ena/data/view/ERR598995	TARA_B100001250	http://www.pangaea.de/search?All&q=TARA_B100001250	TARA_132	2011-10-05 00:59:03	31.5168	-159.046	115	(DCM) deep chlorophyll maximum layer (ENVO:01000326)	0.22	3	Westerlies Biome	(NPO) North Pacific Ocean [MRGID:1908]	(NPST) North Pacific Subtropical and Polar Front Provinces [MRGID:21484]	DCM
TARA_B100001245	10/05/2011 09:53 PM	31.53	-159.02	545.5	6.7	34	138.7	29.1	0	1.22	17.49	22.34	NA	0.03	0.06	NA	1.39	41	113	52	54	456	276	3656	582	6357	6237	6.83	7.21	19674	0.729	NA	NA	NA	NA	18	TARA_132_MES_0.22-3	ERS493372	ERR598980	http://www.ebi.ac.uk/ena/data/view/ERR598980	TARA_B100001245	http://www.pangaea.de/search?All&q=TARA_B100001245	TARA_132	2011-10-05 20:45:47	31.528	-159.0224	550	(MES) mesopelagic zone (ENVO:00000213)	0.22	3	Westerlies Biome	(NPO) North Pacific Ocean [MRGID:1908]	(NPST) North Pacific Subtropical and Polar Front Provinces [MRGID:21484]	MES
TARA_B100001248	10/04/2011 05:49 PM	31.52	-159	5.5	25.2	35.2	197.7	-1	0	0.01	0.01	2.43	NA	0.03	0.06	NA	1.39	41	113	52	54	456	276	2212	367	3275	3209	6.43	7.1	14422	0.741	416576	121337	537913	932	13	TARA_132_SRF_0.22-3	ERS493300	ERR599142	http://www.ebi.ac.uk/ena/data/view/ERR599142	TARA_B100001248	http://www.pangaea.de/search?All&q=TARA_B100001248	TARA_132	2011-10-04 17:46:00	31.5213	-158.9958	5	(SRF) surface water layer (ENVO:00002042)	0.22	3	Westerlies Biome	(NPO) North Pacific Ocean [MRGID:1908]	(NPST) North Pacific Subtropical and Polar Front Provinces [MRGID:21484]	SRF
TARA_B100001094	10/19/2011 02:53 AM	35.42	-127.69	47.2	13.2	33.2	227.7	4.8	0.08	0.46	1.3	2.84	NA	-0.16	0.03	NA	40.67	10	42	38	29	635	79	3369	501	4939	4774	6.87	7.14	17038	0.733	803786	96011	899797	9392	12	TARA_133_DCM_0.22-3	ERS493431	ERR598942	http://www.ebi.ac.uk/ena/data/view/ERR598942	TARA_B100001094	http://www.pangaea.de/search?All&q=TARA_B100001094	TARA_133	2011-10-19 00:09:00	35.4002	-127.7499	45	(DCM) deep chlorophyll maximum layer (ENVO:01000326)	0.22	3	Westerlies Biome	(NPO) North Pacific Ocean [MRGID:1908]	(NPST) North Pacific Subtropical and Polar Front Provinces [MRGID:21484]	DCM
TARA_B100001105	10/19/2011 09:20 PM	35.31	-127.74	644.6	4.9	34.3	8.6	44.1	0	3.29	44.24	113.32	NA	-0.16	0.03	NA	40.67	10	42	38	29	635	79	4239	650	7460	7460	6.98	7.17	21208	0.72	NA	NA	NA	NA	25	TARA_133_MES_0.22-3	ERS493460	ERR599115	http://www.ebi.ac.uk/ena/data/view/ERR599115	TARA_B100001105	http://www.pangaea.de/search?All&q=TARA_B100001105	TARA_133	2011-10-19 19:27:16	35.2698	-127.7268	650	(MES) mesopelagic zone (ENVO:00000213)	0.22	3	Westerlies Biome	(NPO) North Pacific Ocean [MRGID:1908]	(NPST) North Pacific Subtropical and Polar Front Provinces [MRGID:21484]	MES
TARA_B100001093	10/18/2011 06:58 PM	35.41	-127.74	5.5	19.2	33.1	224.4	-0.7	0	0.29	0.02	1.91	NA	-0.16	0.03	NA	40.67	10	42	38	29	635	79	2816	422	4003	3852	6.71	7.15	15279	0.742	1000349	169828	1170177	6068	13	TARA_133_SRF_0.22-3	ERS493390	ERR599052	http://www.ebi.ac.uk/ena/data/view/ERR599052	TARA_B100001093	http://www.pangaea.de/search?All&q=TARA_B100001093	TARA_133	2011-10-18 15:35:00	35.3671	-127.7422	5	(SRF) surface water layer (ENVO:00002042)	0.22	3	Westerlies Biome	(NPO) North Pacific Ocean [MRGID:1908]	(NPST) North Pacific Subtropical and Polar Front Provinces [MRGID:21484]	SRF
TARA_B100001964	12/02/2011 05:44 PM	14.17	-116.71	44.2	18.6	34.4	95.4	11	0.31	0.88	6.05	4.66	40.6	0.05	0.03	NA	2.67	17	40	38	29	364	46	3055	512	4997	4956	6.08	7.21	17574	0.738	4323439	93168	4416607	4746	31	TARA_137_DCM_0.22-3	ERS493670	ERR598987|ERR599070|ERR599099|ERR599147	http://www.ebi.ac.uk/ena/data/view/ERR598987,ERR599070,ERR599099,ERR599147	TARA_B100001964	http://www.pangaea.de/search?All&q=TARA_B100001964	TARA_137	2011-12-02 20:42:00	14.2075	-116.6468	40	(DCM) deep chlorophyll maximum layer (ENVO:01000326)	0.22	3	Trades Biome	(NPO) North Pacific Ocean [MRGID:1908]	(PNEC) North Pacific Equatorial Countercurrent Province [MRGID:21488]	DCM
TARA_B100001971	12/03/2011 04:31 PM	14.17	-116.66	371	8.9	34.6	0.6	35.7	0.01	2.95	34.55	46.62	40.5	0.05	0.03	NA	2.67	17	40	38	29	364	46	3902	632	6924	6801	6.25	7.26	20606	0.731	132720	0	132720	0	32	TARA_137_MES_0.22-3	ERS493705	ERR599015|ERR599076|ERR599127|ERR599152	http://www.ebi.ac.uk/ena/data/view/ERR599015,ERR599076,ERR599127,ERR599152	TARA_B100001971	http://www.pangaea.de/search?All&q=TARA_B100001971	TARA_137	2011-12-03 14:31:20	14.2025	-116.6433	375	(MES) mesopelagic zone (ENVO:00000213)	0.22	3	Trades Biome	(NPO) North Pacific Ocean [MRGID:1908]	(PNEC) North Pacific Equatorial Countercurrent Province [MRGID:21488]	MES
TARA_B100001287	12/02/2011 02:10 PM	14.2	-116.63	5.4	26.4	33.9	195.1	3.2	0.07	0.46	2.44	2.54	33.6	0.05	0.03	NA	2.67	17	40	38	29	364	46	2330	374	3365	3220	6.61	7.13	13939	0.747	755425	273894	1029319	10134	12	TARA_137_SRF_0.22-3	ERS493636	ERR598989	http://www.ebi.ac.uk/ena/data/view/ERR598989	TARA_B100001287	http://www.pangaea.de/search?All&q=TARA_B100001287	TARA_137	2011-12-02 14:12:00	14.2035	-116.6261	5	(SRF) surface water layer (ENVO:00002042)	0.22	3	Trades Biome	(NPO) North Pacific Ocean [MRGID:1908]	(PNEC) North Pacific Equatorial Countercurrent Province [MRGID:21488]	SRF
TARA_B100001996	12/11/2011 02:14 PM	6.34	-102.98	58.1	19	34.6	77	22.1	0.83	1.11	12.9	8.07	32.3	-0.11	0.04	NA	1.61	24	50	48	28	347	55	2984	460	4312	4146	6.64	7.12	16960	0.732	306105	60313	366418	3630	10	TARA_138_DCM_0.22-3	ERS493788	ERR599087	http://www.ebi.ac.uk/ena/data/view/ERR599087	TARA_B100001996	http://www.pangaea.de/search?All&q=TARA_B100001996	TARA_138	2011-12-11 13:27:34	6.3378	-102.9538	60	(DCM) deep chlorophyll maximum layer (ENVO:01000326)	0.22	3	Trades Biome	(NPO) North Pacific Ocean [MRGID:1908]	(PNEC) North Pacific Equatorial Countercurrent Province [MRGID:21488]	DCM
TARA_B100002003	12/11/2011 10:51 PM	6.37	-103.07	444.9	8.2	34.6	0.8	36.9	0.01	3.16	36.22	52.92	33.7	-0.11	0.04	NA	1.61	24	50	48	28	347	55	3860	602	6404	6338	6.28	7.3	20553	0.735	130743	0	130743	0	36	TARA_138_MES_0.22-3	ERS493822	ERR599004|ERR599051|ERR599060|ERR599175	http://www.ebi.ac.uk/ena/data/view/ERR599004,ERR599051,ERR599060,ERR599175	TARA_B100002003	http://www.pangaea.de/search?All&q=TARA_B100002003	TARA_138	2011-12-11 20:37:22	6.3559	-103.0598	450	(MES) mesopelagic zone (ENVO:00000213)	0.22	3	Trades Biome	(NPO) North Pacific Ocean [MRGID:1908]	(PNEC) North Pacific Equatorial Countercurrent Province [MRGID:21488]	MES
TARA_B100001989	12/10/2011 01:58 PM	6.33	-102.94	5.4	26.6	33.4	196.9	-1.2	0	0.16	0	1.19	40.6	-0.11	0.04	NA	1.61	24	50	48	28	347	55	2661	436	4306	4212	6.51	7.12	17717	0.728	394198	222835	617033	1567	15	TARA_138_SRF_0.22-3	ERS493752	ERR599030	http://www.ebi.ac.uk/ena/data/view/ERR599030	TARA_B100001989	http://www.pangaea.de/search?All&q=TARA_B100001989	TARA_138	2011-12-10 14:08:00	6.3332	-102.9432	5	(SRF) surface water layer (ENVO:00002042)	0.22	3	Trades Biome	(NPO) North Pacific Ocean [MRGID:1908]	(PNEC) North Pacific Equatorial Countercurrent Province [MRGID:21488]	SRF
TARA_B100002019	12/21/2011 04:25 PM	7.41	-79.3	5.4	26.6	28.9	205.3	-3.8	0	0.08	0	0.54	27.9	0.22	0.36	NA	0	4	26	42	29	288	48	2919	459	4459	4420	6.73	7.19	17614	0.735	867923	264990	1132914	5808	13	TARA_140_SRF_0.22-3	ERS493877	ERR599162	http://www.ebi.ac.uk/ena/data/view/ERR599162	TARA_B100002019	http://www.pangaea.de/search?All&q=TARA_B100002019	TARA_140	2011-12-21 16:20:00	7.4122	-79.3017	5	(SRF) surface water layer (ENVO:00002042)	0.22	3	Coastal Biome	(NPO) North Pacific Ocean [MRGID:1908]	(CAMR) Central American Coastal Province [MRGID:21494]	SRF
TARA_B100001939	12/30/2011 12:56 PM	9.85	-80.04	5.4	27.1	34.3	195.5	-1.7	0	0.01	0	2.93	35.9	0.34	0.16	NA	0	5	40	66	29	395	218	2904	466	4633	4527	6.68	7.23	16828	0.743	439099	139450	578549	2277	10	TARA_141_SRF_0.22-3	ERS493914	ERR599029	http://www.ebi.ac.uk/ena/data/view/ERR599029	TARA_B100001939	http://www.pangaea.de/search?All&q=TARA_B100001939	TARA_141	2011-12-30 13:35:00	9.8481	-80.0454	5	(SRF) surface water layer (ENVO:00002042)	0.22	3	Coastal Biome	(NAO) North Atlantic Ocean [MRGID:1912]	(GUIA) Guianas Coastal Province [MRGID:21463]	SRF
TARA_B100002052	01/09/2012 09:30 PM	25.66	-88.47	123.7	24.9	36.2	193	0.4	0.02	0.02	0.06	1.17	NA	-3.49	0.06	NA	43.44	142	50	151	244	485	271	3131	486	4745	4636	6.8	7.2	18707	0.732	602824	66588	669412	1253	11	TARA_142_DCM_0.22-3	ERS493981	ERR599100	http://www.ebi.ac.uk/ena/data/view/ERR599100	TARA_B100002052	http://www.pangaea.de/search?All&q=TARA_B100002052	TARA_142	2012-01-09 20:17:16	25.6168	-88.4532	125	(DCM) deep chlorophyll maximum layer (ENVO:01000326)	0.22	3	Coastal Biome	(NAO) North Atlantic Ocean [MRGID:1912]	(CARB) Caribbean Province [MRGID:21466]	DCM
TARA_B100002049	01/10/2012 04:43 PM	25.63	-88.44	634.8	9.8	35.2	108.2	31.9	0	1.22	20.25	8.62	NA	-3.49	0.06	NA	43.44	142	50	151	244	485	271	3709	568	5980	5859	6.84	7.33	20525	0.738	145742	0	145742	0	20	TARA_142_MES_0.22-3	ERS494006	ERR598985	http://www.ebi.ac.uk/ena/data/view/ERR598985	TARA_B100002049	http://www.pangaea.de/search?All&q=TARA_B100002049	TARA_142	2012-01-10 14:49:35	25.6236	-88.45	640	(MES) mesopelagic zone (ENVO:00000213)	0.22	3	Coastal Biome	(NAO) North Atlantic Ocean [MRGID:1912]	(CARB) Caribbean Province [MRGID:21466]	MES
TARA_B100002051	01/09/2012 12:41 PM	25.51	-88.38	5.4	25	36.2	194.3	-2.2	0.02	0	0.05	1.22	NA	-3.49	0.06	NA	43.44	142	50	151	244	485	271	2942	466	4605	4424	6.73	7.19	17734	0.735	436017	89629	525647	1597	11	TARA_142_SRF_0.22-3	ERS493938	ERR599136	http://www.ebi.ac.uk/ena/data/view/ERR599136	TARA_B100002051	http://www.pangaea.de/search?All&q=TARA_B100002051	TARA_142	2012-01-09 13:41:00	25.5264	-88.394	5	(SRF) surface water layer (ENVO:00002042)	0.22	3	Coastal Biome	(NAO) North Atlantic Ocean [MRGID:1912]	(CARB) Caribbean Province [MRGID:21466]	SRF
TARA_B100001146	02/02/2012 08:29 PM	39.19	-70.08	585.7	5.1	35	230.2	19.9	0.01	1.47	21.5	13.73	NA	-0.16	0.05	NA	17.22	89	19	109	695	198	191	4021	618	6973	6923	6.88	7.2	19418	0.729	54937	0	54937	0	26	TARA_145_MES_0.22-3	ERS494208	ERR599166	http://www.ebi.ac.uk/ena/data/view/ERR599166	TARA_B100001146	http://www.pangaea.de/search?All&q=TARA_B100001146	TARA_145	2012-02-02 18:36:58	39.2392	-70.0343	590	(MES) mesopelagic zone (ENVO:00000213) & marine oxygen minimum zone (ENVO:01000065)	0.22	3	Westerlies Biome	(NAO) North Atlantic Ocean [MRGID:1912]	(GFST) Gulf Stream Province [MRGID:21454]	MES
TARA_B100001142	02/02/2012 12:02 PM	39.23	-70.03	5.5	14.1	35.2	233.9	3.5	0.11	0.35	4.38	2.77	NA	-0.16	0.05	NA	17.22	89	19	109	695	198	191	3373	483	4571	4398	6.76	7.16	14527	0.747	374730	22789	397520	7749	10	TARA_145_SRF_0.22-3	ERS494170	ERR598983	http://www.ebi.ac.uk/ena/data/view/ERR598983	TARA_B100001142	http://www.pangaea.de/search?All&q=TARA_B100001142	TARA_145	2012-02-02 11:52:00	39.2305	-70.0377	5	(SRF) surface water layer (ENVO:00002042)	0.22	3	Westerlies Biome	(NAO) North Atlantic Ocean [MRGID:1912]	(GFST) Gulf Stream Province [MRGID:21454]	SRF
TARA_B100001167	02/16/2012 02:53 PM	34.63	-71.26	633.3	11	35.4	138.1	21.8	0	1.31	20.03	13.24	NA	-2.38	0.08	NA	83.42	187	46	204	297	610	395	3683	564	6301	6258	6.74	7.15	18701	0.727	78074	0	78074	0	21	TARA_146_MES_0.22-3	ERS494274	ERR599047	http://www.ebi.ac.uk/ena/data/view/ERR599047	TARA_B100001167	http://www.pangaea.de/search?All&q=TARA_B100001167	TARA_146	2012-02-16 12:01:25	34.6663	-71.2907	640	(MES) mesopelagic zone (ENVO:00000213)	0.22	3	Westerlies Biome	(NAO) North Atlantic Ocean [MRGID:1912]	(NAST-W) North Atlantic Subtropical Gyral Province [MRGID:21455]	MES
TARA_B100001540	02/15/2012 12:59 PM	34.68	-71.3	11.7	19.1	36.5	214.4	0.9	0.22	0.02	0.74	0.94	NA	-2.38	0.08	NA	83.42	187	46	204	297	610	395	2967	459	4362	4198	6.55	7.15	15917	0.739	338145	27459	365604	4165	11	TARA_146_SRF_0.22-3	ERS494236	ERR598968	http://www.ebi.ac.uk/ena/data/view/ERR598968	TARA_B100001540	http://www.pangaea.de/search?All&q=TARA_B100001540	TARA_146	2012-02-15 12:54:00	34.6712	-71.3093	5	(SRF) surface water layer (ENVO:00002042)	0.22	3	Westerlies Biome	(NAO) North Atlantic Ocean [MRGID:1912]	(NAST-W) North Atlantic Subtropical Gyral Province [MRGID:21455]	SRF
TARA_B100001750	02/27/2012 06:43 PM	34.02	-56.87	246.4	18.2	36.6	191.8	4	0.03	0.18	4.13	1.62	16.1	0.01	0.03	NA	1.19	64	38	176	29	262	318	3903	602	6550	6474	6.45	7.18	19854	0.726	174983	0	174983	0	15	TARA_148b_MES_0.22-3	ERS494374	ERR598958	http://www.ebi.ac.uk/ena/data/view/ERR598958	TARA_B100001750	http://www.pangaea.de/search?All&q=TARA_B100001750	TARA_148b	2012-02-27 15:28:31	34.1504	-56.9684	250	(MES) mesopelagic zone (ENVO:00000213)	0.22	3	Westerlies Biome	(NAO) North Atlantic Ocean [MRGID:1912]	(NAST-W) North Atlantic Subtropical Gyral Province [MRGID:21455]	MES
TARA_B100001741	02/24/2012 11:41 AM	31.7	-64.25	6.1	20.4	36.6	212.6	NA	0.09	0	0.15	0.73	NA	0.01	0.03	NA	1.19	64	38	176	29	262	318	2900	452	4282	4067	6.75	7.17	15943	0.741	318391	45701	364093	1911	10	TARA_148_SRF_0.22-3	ERS494332	ERR599123	http://www.ebi.ac.uk/ena/data/view/ERR599123	TARA_B100001741	http://www.pangaea.de/search?All&q=TARA_B100001741	TARA_148	2012-02-24 11:40:00	31.6948	-64.2489	5	(SRF) surface water layer (ENVO:00002042)	0.22	3	Westerlies Biome	(NAO) North Atlantic Ocean [MRGID:1912]	(NAST-W) North Atlantic Subtropical Gyral Province [MRGID:21455]	SRF
TARA_B100001765	03/01/2012 08:06 PM	34.1	-49.78	734.3	10.6	35.4	155.2	21.3	0.01	1.36	21.11	11.38	15.2	0.21	0.05	NA	0	113	30	162	29	755	732	3643	555	6109	6074	6.78	7.16	19185	0.726	74179	0	74179	0	24	TARA_149_MES_0.22-3	ERS494431	ERR598964	http://www.ebi.ac.uk/ena/data/view/ERR598964	TARA_B100001765	http://www.pangaea.de/search?All&q=TARA_B100001765	TARA_149	2012-03-01 18:50:26	34.0771	-49.8233	740	(MES) mesopelagic zone (ENVO:00000213)	0.22	3	Westerlies Biome	(NAO) North Atlantic Ocean [MRGID:1912]	(NAST-W) North Atlantic Subtropical Gyral Province [MRGID:21455]	MES
TARA_B100001758	03/01/2012 11:55 AM	34.1	-49.89	5.5	18.7	36.4	220.2	-1.2	0.25	0.06	0.68	0.8	13.8	0.21	0.05	NA	0	113	30	162	29	755	732	2962	445	4325	4069	6.71	7.14	15146	0.742	379018	54719	433737	7375	10	TARA_149_SRF_0.22-3	ERS494394	ERR598963	http://www.ebi.ac.uk/ena/data/view/ERR598963	TARA_B100001758	http://www.pangaea.de/search?All&q=TARA_B100001758	TARA_149	2012-03-01 10:48:00	34.1132	-49.9181	5	(SRF) surface water layer (ENVO:00002042)	0.22	3	Westerlies Biome	(NAO) North Atlantic Ocean [MRGID:1912]	(NAST-W) North Atlantic Subtropical Gyral Province [MRGID:21455]	SRF
TARA_B100001778	03/05/2012 09:32 PM	35.75	-37.05	39.8	17.7	36.2	230.1	1.2	0.04	0	0.17	0.84	20.5	-0.18	0.04	NA	22.03	77	43	101	28	482	110	2919	449	4225	4040	6.75	7.22	17444	0.739	579589	114413	694003	6137	12	TARA_150_DCM_0.22-3	ERS494488	ERR598996	http://www.ebi.ac.uk/ena/data/view/ERR598996	TARA_B100001778	http://www.pangaea.de/search?All&q=TARA_B100001778	TARA_150	2012-03-05 17:34:00	35.8427	-37.1526	40	(DCM) deep chlorophyll maximum layer (ENVO:01000326)	0.22	3	Westerlies Biome	(NAO) North Atlantic Ocean [MRGID:1912]	(NAST-W) North Atlantic Subtropical Gyral Province [MRGID:21455]	DCM
TARA_B100001769	03/05/2012 11:02 AM	35.91	-37.26	5.5	17.6	36.3	228.4	-0.3	0.04	0.01	0.17	0.84	15.7	-0.18	0.04	NA	22.03	77	43	101	28	482	110	2918	449	4161	3971	6.78	7.13	14688	0.743	514205	146022	660227	7940	11	TARA_150_SRF_0.22-3	ERS494445	ERR599170	http://www.ebi.ac.uk/ena/data/view/ERR599170	TARA_B100001769	http://www.pangaea.de/search?All&q=TARA_B100001769	TARA_150	2012-03-05 09:25:00	35.9346	-37.3032	5	(SRF) surface water layer (ENVO:00002042)	0.22	3	Westerlies Biome	(NAO) North Atlantic Ocean [MRGID:1912]	(NAST-W) North Atlantic Subtropical Gyral Province [MRGID:21455]	SRF
TARA_B100001559	03/09/2012 06:49 PM	36.19	-28.88	77.6	16.8	36.2	228.5	1.6	0.01	0.01	0.05	0.63	18.5	-0.08	0.02	NA	36.94	36	69	107	36	361	271	3599	536	5286	5034	6.94	7.16	17701	0.732	259770	11716	271485	879	10	TARA_151_DCM_0.22-3	ERS494559	ERR598986	http://www.ebi.ac.uk/ena/data/view/ERR598986	TARA_B100001559	http://www.pangaea.de/search?All&q=TARA_B100001559	TARA_151	2012-03-09 17:42:29	36.1811	-28.9373	80	(DCM) deep chlorophyll maximum layer (ENVO:01000326)	0.22	3	Westerlies Biome	(NAO) North Atlantic Ocean [MRGID:1912]	(NAST-E) North Atlantic Subtropical Gyral Province [MRGID:21467]	DCM
TARA_B100001564	03/09/2012 10:13 AM	36.16	-29.01	5.4	17.3	36.2	232.1	0.3	0.02	0.01	0.02	0.65	20.7	-0.08	0.02	NA	36.94	36	69	107	36	361	271	2822	423	4021	3877	6.78	7.12	14772	0.742	377257	66886	444143	3569	9	TARA_151_SRF_0.22-3	ERS494518	ERR598976	http://www.ebi.ac.uk/ena/data/view/ERR598976	TARA_B100001564	http://www.pangaea.de/search?All&q=TARA_B100001564	TARA_151	2012-03-09 08:59:00	36.1715	-29.023	5	(SRF) surface water layer (ENVO:00002042)	0.22	3	Westerlies Biome	(NAO) North Atlantic Ocean [MRGID:1912]	(NAST-E) North Atlantic Subtropical Gyral Province [MRGID:21467]	SRF
TARA_B100001179	03/19/2012 04:14 PM	43.74	-16.88	791.8	10.2	35.5	175.3	18.2	0.01	1.12	18.03	10.38	25.1	0	0.11	NA	2.83	168	37	522	29	672	576	3626	555	6000	6009	6.77	7.21	19541	0.73	83945	0	83945	0	21	TARA_152_MES_0.22-3	ERS494616	ERR598944	http://www.ebi.ac.uk/ena/data/view/ERR598944	TARA_B100001179	http://www.pangaea.de/search?All&q=TARA_B100001179	TARA_152	2012-03-19 14:59:48	43.7182	-16.8714	800	(MES) mesopelagic zone (ENVO:00000213)	0.22	3	Westerlies Biome	(NAO) North Atlantic Ocean [MRGID:1912]	(NAST-E) North Atlantic Subtropical Gyral Province [MRGID:21467]	MES
TARA_B100001173	03/19/2012 10:42 AM	43.69	-16.85	5.4	14.3	36	243.1	3	0.31	0.16	2.16	1.24	23.8	0	0.11	NA	2.83	168	37	522	29	672	576	3084	460	4331	4177	6.82	7.18	14843	0.748	555269	104028	659297	7551	11	TARA_152_SRF_0.22-3	ERS494579	ERR599078	http://www.ebi.ac.uk/ena/data/view/ERR599078	TARA_B100001173	http://www.pangaea.de/search?All&q=TARA_B100001173	TARA_152	2012-03-19 08:18:00	43.6792	-16.8344	5	(SRF) surface water layer (ENVO:00002042)	0.22	3	Westerlies Biome	(NAO) North Atlantic Ocean [MRGID:1912]	(NAST-E) North Atlantic Subtropical Gyral Province [MRGID:21467]	SRF
TARA_B100001175	03/20/2012 12:20 PM	43.79	-16.89	23.9	14.3	36	239.4	3.8	0.32	0.17	2.26	1.26	24.8	0	0.11	NA	2.83	168	37	522	29	672	576	3303	484	4734	4525	6.87	7.18	15780	0.743	611238	77339	688577	6069	10	TARA_152_MIX_0.22-3	ERS494628	ERR599001	http://www.ebi.ac.uk/ena/data/view/ERR599001	TARA_B100001175	http://www.pangaea.de/search?All&q=TARA_B100001175	TARA_152	2012-03-20 08:48:42	43.7056	-16.8794	25	(MIX) marine epipelagic mixed layer (ENVO:01000061)	0.22	3	Westerlies Biome	(NAO) North Atlantic Ocean [MRGID:1912]	(NAST-E) North Atlantic Subtropical Gyral Province [MRGID:21467]	MIX
TARA_S200000501	11/02/2009 12:43 PM	35.76	14.25	61.6	18.4	37.9	237.9	NA	0.03	0.01	0.02	0.62	23.2	0.14	0	NA	7.67	39	84	57	56	395	NA	2746	434	4034	3922	6.55	7.14	14088	0.748	NA	NA	NA	NA	13	TARA_018_DCM_0.22-1.6	ERS488346	ERR599073|ERR599092	http://www.ebi.ac.uk/ena/data/view/ERR599073,ERR599092	TARA_S200000501	http://www.pangaea.de/search?All&q=TARA_S200000501	TARA_018	2009-11-02 14:07:00	35.7528	14.2765	60	(DCM) deep chlorophyll maximum layer (ENVO:01000326)	0.22	1.6	Westerlies Biome	(MS) Mediterranean Sea [MRGID:1905]	(MEDI) Mediterranean Sea, Black Sea Province [MRGID:21465]	DCM
TARA_A100000164	11/02/2009 08:18 AM	35.76	14.26	5.4	21.4	37.9	207.8	NA	0.02	0.03	0.12	0.56	22	0.14	0	NA	7.67	39	84	57	56	395	NA	2754	423	4030	3931	6.61	7.14	14161	0.747	633618	39180	672798	947	14	TARA_018_SRF_0.22-1.6	ERS488330	ERR598993|ERR599140	http://www.ebi.ac.uk/ena/data/view/ERR598993,ERR599140	TARA_A100000164	http://www.pangaea.de/search?All&q=TARA_A100000164	TARA_018	2009-11-02 08:13:00	35.759	14.2574	5	(SRF) surface water layer (ENVO:00002042)	0.22	1.6	Westerlies Biome	(MS) Mediterranean Sea [MRGID:1905]	(MEDI) Mediterranean Sea, Black Sea Province [MRGID:21465]	SRF
TARA_E500000081	11/18/2009 12:42 PM	42.17	17.72	55.2	15.7	38.4	224.3	NA	0.01	0.01	0.05	1.05	8.5	-0.39	0	NA	1.89	9	54	55	32	157	NA	2943	441	4076	3974	6.74	7.15	15924	0.739	594712	29838	624550	1090	17	TARA_023_DCM_0.22-1.6	ERS477998	ERR315859|ERR315860	http://www.ebi.ac.uk/ena/data/view/ERR315859,ERR315860	TARA_E500000081	http://www.pangaea.de/search?All&q=TARA_E500000081	TARA_023	2009-11-18 13:50:00	42.1735	17.7252	55	(DCM) deep chlorophyll maximum layer (ENVO:01000326)	0.22	1.6	Westerlies Biome	(MS) Mediterranean Sea [MRGID:1905]	(MEDI) Mediterranean Sea, Black Sea Province [MRGID:21465]	DCM
TARA_E500000075	11/18/2009 08:23 AM	42.21	17.71	5.5	17.6	38.2	220	NA	0.01	0.01	0.04	1.38	7.7	-0.39	0	NA	1.89	9	54	55	32	157	NA	2658	408	3735	3632	6.58	7.13	14477	0.745	746759	57854	804613	1499	18	TARA_023_SRF_0.22-1.6	ERS477979	ERR315858|ERR315861	http://www.ebi.ac.uk/ena/data/view/ERR315858,ERR315861	TARA_E500000075	http://www.pangaea.de/search?All&q=TARA_E500000075	TARA_023	2009-11-18 08:41:00	42.2038	17.715	5	(SRF) surface water layer (ENVO:00002042)	0.22	1.6	Westerlies Biome	(MS) Mediterranean Sea [MRGID:1905]	(MEDI) Mediterranean Sea, Black Sea Province [MRGID:21465]	SRF
TARA_E500000331	11/23/2009 12:40 PM	39.41	19.38	51.7	15.2	38.5	229.5	NA	0.07	0.07	0.15	1.82	13.6	0.18	0.02	NA	1.25	29	54	38	33	374	NA	3128	472	4369	4195	6.73	7.13	15774	0.737	NA	NA	NA	NA	14	TARA_025_DCM_0.22-1.6	ERS488509	ERR599094|ERR599153	http://www.ebi.ac.uk/ena/data/view/ERR599094,ERR599153	TARA_E500000331	http://www.pangaea.de/search?All&q=TARA_E500000331	TARA_025	2009-11-23 13:52:00	39.3991	19.3997	50	(DCM) deep chlorophyll maximum layer (ENVO:01000326)	0.22	1.6	Westerlies Biome	(MS) Mediterranean Sea [MRGID:1905]	(MEDI) Mediterranean Sea, Black Sea Province [MRGID:21465]	DCM
TARA_E500000178	11/23/2009 09:14 AM	39.39	19.39	5.5	18.3	38.2	218	NA	0	0.01	0.03	1.05	13.6	0.18	0.02	NA	1.25	29	54	38	33	374	NA	2724	419	3720	3635	6.71	7.17	14408	0.749	264404	34000	298404	1123	21	TARA_025_SRF_0.22-1.6	ERS488486	ERR598951|ERR599043	http://www.ebi.ac.uk/ena/data/view/ERR598951,ERR599043	TARA_E500000178	http://www.pangaea.de/search?All&q=TARA_E500000178	TARA_025	2009-11-23 09:12:00	39.3888	19.3905	5	(SRF) surface water layer (ENVO:00002042)	0.22	1.6	Westerlies Biome	(MS) Mediterranean Sea [MRGID:1905]	(MEDI) Mediterranean Sea, Black Sea Province [MRGID:21465]	SRF
TARA_A100001011	12/15/2009 04:17 PM	33.93	32.77	69.1	19	39.3	218.1	0.3	0.01	0	0.02	0.67	14.7	-0.86	0.03	NA	40.81	41	77	66	65	260	307	2393	375	3191	3170	6.56	7.14	12843	0.755	598682	48034	646716	669	15	TARA_030_DCM_0.22-1.6	ERS478040	ERR318618|ERR318619|ERR318620|ERR318621	http://www.ebi.ac.uk/ena/data/view/ERR318618,ERR318619,ERR318620,ERR318621	TARA_A100001011	http://www.pangaea.de/search?All&q=TARA_A100001011	TARA_030	2009-12-15 15:23:37	33.9235	32.8118	70	(DCM) deep chlorophyll maximum layer (ENVO:01000326)	0.22	1.6	Westerlies Biome	(MS) Mediterranean Sea [MRGID:1905]	(MEDI) Mediterranean Sea, Black Sea Province [MRGID:21465]	DCM
TARA_A100001015	12/15/2009 10:40 AM	33.92	32.89	5.4	20.5	39.4	207.6	-0.7	0	0	0.05	0.82	13.2	-0.86	0.03	NA	40.81	41	77	66	65	260	307	2215	344	3185	3027	6.38	7.12	12612	0.754	232380	36418	268797	1225	15	TARA_030_SRF_0.22-1.6	ERS478017	ERR315862|ERR315863	http://www.ebi.ac.uk/ena/data/view/ERR315862,ERR315863	TARA_A100001015	http://www.pangaea.de/search?All&q=TARA_A100001015	TARA_030	2009-12-15 10:41:00	33.9179	32.898	5	(SRF) surface water layer (ENVO:00002042)	0.22	1.6	Westerlies Biome	(MS) Mediterranean Sea [MRGID:1905]	(MEDI) Mediterranean Sea, Black Sea Province [MRGID:21465]	SRF
TARA_A100001388	01/09/2010 07:25 AM	27.16	34.83	5.4	25.1	40	188.8	-0.1	0.01	0.02	0.03	0.82	28.2	NA	0	NA	0	45	84	90	33	401	139	2261	366	3358	3229	6.35	7.08	14134	0.74	473351	204723	678074	1192	13	TARA_031_SRF_0.22-1.6	ERS488545	ERR598969|ERR599106	http://www.ebi.ac.uk/ena/data/view/ERR598969,ERR599106	TARA_A100001388	http://www.pangaea.de/search?All&q=TARA_A100001388	TARA_031	2010-01-09 07:15:00	27.16	34.835	5	(SRF) surface water layer (ENVO:00002042)	0.22	1.6	Coastal Biome	(RS) Red Sea [MRGID:4264]	(REDS) Red Sea, Persian Gulf Province [MRGID:21474]	SRF
TARA_A100001037	01/11/2010 07:14 PM	23.38	37.29	85.5	26.1	40.2	180	1.2	0.01	0.03	0.01	0.85	23.4	NA	0	NA	0	35	80	142	28	287	231	3146	505	4409	4349	6.55	7.2	17321	0.737	294828	29385	324213	374	12	TARA_032_DCM_0.22-1.6	ERS488599	ERR599061|ERR599097	http://www.ebi.ac.uk/ena/data/view/ERR599061,ERR599097	TARA_A100001037	http://www.pangaea.de/search?All&q=TARA_A100001037	TARA_032	2010-01-11 14:17:00	23.4183	37.245	80	(DCM) deep chlorophyll maximum layer (ENVO:01000326)	0.22	1.6	Coastal Biome	(RS) Red Sea [MRGID:4264]	(REDS) Red Sea, Persian Gulf Province [MRGID:21474]	DCM
TARA_A100001035	01/11/2010 07:27 AM	23.36	37.22	5.4	25.8	39.7	188.4	-0.5	0.01	0.02	0	0.87	24.7	NA	0	NA	0	35	80	142	28	287	231	2142	348	2996	2934	6.32	7.04	13296	0.742	444313	206786	651100	1437	14	TARA_032_SRF_0.22-1.6	ERS488569	ERR599041|ERR599116|ERR599155	http://www.ebi.ac.uk/ena/data/view/ERR599041,ERR599116,ERR599155	TARA_A100001035	http://www.pangaea.de/search?All&q=TARA_A100001035	TARA_032	2010-01-11 07:21:00	23.36	37.2183	5	(SRF) surface water layer (ENVO:00002042)	0.22	1.6	Coastal Biome	(RS) Red Sea [MRGID:4264]	(REDS) Red Sea, Persian Gulf Province [MRGID:21474]	SRF
TARA_A100001234	01/13/2010 08:00 AM	21.98	38.24	5.4	27.3	38.9	182.8	0	0	0.05	0	1.15	34.1	NA	0	NA	0	27	53	79	33	248	172	2143	354	2993	2927	6.47	7.16	13578	0.753	556091	215346	771437	4410	11	TARA_033_SRF_0.22-1.6	ERS488621	ERR599049|ERR599134	http://www.ebi.ac.uk/ena/data/view/ERR599049,ERR599134	TARA_A100001234	http://www.pangaea.de/search?All&q=TARA_A100001234	TARA_033	2010-01-13 07:16:00	21.9467	38.2517	5	(SRF) surface water layer (ENVO:00002042)	0.22	1.6	Coastal Biome	(RS) Red Sea [MRGID:4264]	(REDS) Red Sea, Persian Gulf Province [MRGID:21474]	SRF
TARA_B100000029	01/20/2010 07:44 AM	18.4	39.86	60.1	27.6	38.9	175.4	0.1	0.27	0.09	0.64	1.35	35.4	NA	0	0.67	0	26	43	78	28	217	149	3330	532	4936	4776	6.46	7.19	17914	0.734	NA	16783	16783	99	13	TARA_034_DCM_0.22-1.6	ERS488685	ERR598975|ERR599111	http://www.ebi.ac.uk/ena/data/view/ERR598975,ERR599111	TARA_B100000029	http://www.pangaea.de/search?All&q=TARA_B100000029	TARA_034	2010-01-20 11:50:00	18.4417	39.8567	60	(DCM) deep chlorophyll maximum layer (ENVO:01000326)	0.22	1.6	Coastal Biome	(RS) Red Sea [MRGID:4264]	(REDS) Red Sea, Persian Gulf Province [MRGID:21474]	DCM
TARA_B100000003	01/20/2010 04:50 AM	18.4	39.88	5.4	27.6	38.6	184.1	-0.9	0.02	0.19	0.03	3.91	35.4	NA	0	0.67	0	26	43	78	28	217	149	2230	371	3191	3120	6.51	7.15	14190	0.748	480515	104486	585001	6442	11	TARA_034_SRF_0.22-1.6	ERS488649	ERR598959|ERR598991	http://www.ebi.ac.uk/ena/data/view/ERR598959,ERR598991	TARA_B100000003	http://www.pangaea.de/search?All&q=TARA_B100000003	TARA_034	2010-01-20 04:27:00	18.3967	39.875	5	(SRF) surface water layer (ENVO:00002042)	0.22	1.6	Coastal Biome	(RS) Red Sea [MRGID:4264]	(REDS) Red Sea, Persian Gulf Province [MRGID:21474]	SRF
TARA_B100000035	03/12/2010 10:34 AM	20.82	63.51	17.4	25.4	36.5	211.6	0.4	0.51	0.51	2.08	1.79	41.8	-0.03	0.07	0.23	18.83	7	21	23	28	378	88	2495	397	3653	3555	6.49	7.13	13952	0.747	NA	NA	NA	NA	13	TARA_036_DCM_0.22-1.6	ERS488747	ERR598974|ERR599028	http://www.ebi.ac.uk/ena/data/view/ERR598974,ERR599028	TARA_B100000035	http://www.pangaea.de/search?All&q=TARA_B100000035	TARA_036	2010-03-12 12:23:00	20.8222	63.5133	17	(DCM) deep chlorophyll maximum layer (ENVO:01000326)	0.22	1.6	Coastal Biome	(IO) Indian Ocean [MRGID:1904]	(ARAB) Northwest Arabian Sea Upwelling Province [MRGID:21475]	DCM
TARA_Y100000022	03/12/2010 06:19 AM	20.82	63.5	5.5	25.6	36.5	210.9	NA	0.05	0.37	0.13	1.2	42.5	-0.03	0.07	0.23	18.83	7	21	23	28	378	88	2162	342	3048	2967	6.41	7.12	12504	0.754	2216959	231702	2448661	4807	12	TARA_036_SRF_0.22-1.6	ERS488714	ERR598966|ERR599143	http://www.ebi.ac.uk/ena/data/view/ERR598966,ERR599143	TARA_Y100000022	http://www.pangaea.de/search?All&q=TARA_Y100000022	TARA_036	2010-03-12 06:06:00	20.8183	63.5047	5	(SRF) surface water layer (ENVO:00002042)	0.22	1.6	Coastal Biome	(IO) Indian Ocean [MRGID:1904]	(ARAB) Northwest Arabian Sea Upwelling Province [MRGID:21475]	SRF
TARA_B100000315	03/13/2010 10:55 AM	20.83	63.61	595.1	12.1	35.7	1.6	31.8	0.07	2.91	30.52	54.48	40.3	NA	NA	NA	NA	7	29	22	28	568	100	3128	518	5107	5011	5.59	7.21	16833	0.741	174925	0	174925	0	41	TARA_037_MES_0.22-1.6	ERS488769	ERR599031|ERR599062	http://www.ebi.ac.uk/ena/data/view/ERR599031,ERR599062	TARA_B100000315	http://www.pangaea.de/search?All&q=TARA_B100000315	TARA_037	2010-03-12 17:08:47	20.8457	63.5851	600	(MES) mesopelagic zone (ENVO:00000213) & marine oxygen minimum zone (ENVO:01000065)	0.22	1.6	Coastal Biome	(IO) Indian Ocean [MRGID:1904]	(ARAB) Northwest Arabian Sea Upwelling Province [MRGID:21475]	MES
TARA_B100000073	03/15/2010 09:32 AM	19.03	64.62	25.3	25.5	NA	154.7	1.2	0.7	0.42	1.86	1.63	46	0.01	0.07	0.16	1.08	11	32	108	32	487	123	2354	383	3314	3235	6.47	7.17	14995	0.745	1963051	279788	2242839	11930	9	TARA_038_DCM_0.22-1.6	ERS488830	ERR598949|ERR599082	http://www.ebi.ac.uk/ena/data/view/ERR598949,ERR599082	TARA_B100000073	http://www.pangaea.de/search?All&q=TARA_B100000073	TARA_038	2010-03-15 11:18:00	19.0284	64.5126	25	(DCM) deep chlorophyll maximum layer (ENVO:01000326)	0.22	1.6	Trades Biome	(IO) Indian Ocean [MRGID:1904]	(MONS) Indian Monsoon Gyres Province [MRGID:21471]	DCM
TARA_Y100000294	03/16/2010 10:05 AM	19.01	64.57	337.7	15	36	2.4	22.4	0.69	2.64	23.43	38.94	47.7	0.01	0.07	0.16	1.08	11	32	108	32	487	123	2840	476	4587	4553	5.77	7.18	16980	0.738	609896	0	609896	0	46	TARA_038_MES_0.22-1.6	ERS488849	ERR599109|ERR599167	http://www.ebi.ac.uk/ena/data/view/ERR599109,ERR599167	TARA_Y100000294	http://www.pangaea.de/search?All&q=TARA_Y100000294	TARA_038	2010-03-16 06:13:30	19.0351	64.5638	340	(MES) mesopelagic zone (ENVO:00000213) & marine oxygen minimum zone (ENVO:01000065)	0.22	1.6	Trades Biome	(IO) Indian Ocean [MRGID:1904]	(MONS) Indian Monsoon Gyres Province [MRGID:21471]	MES
TARA_Y100000287	03/15/2010 03:44 AM	19.04	64.49	5.5	26.2	36.6	199.9	0.9	0.01	0.32	0.06	1.18	47.7	0.01	0.07	0.16	1.08	11	32	108	32	487	123	2197	354	2935	2883	6.55	7.14	13741	0.749	1626279	285872	1912151	8040	11	TARA_038_SRF_0.22-1.6	ERS488799	ERR599102|ERR599158	http://www.ebi.ac.uk/ena/data/view/ERR599102,ERR599158	TARA_Y100000287	http://www.pangaea.de/search?All&q=TARA_Y100000287	TARA_038	2010-03-15 03:35:00	19.0393	64.4913	5	(SRF) surface water layer (ENVO:00002042)	0.22	1.6	Trades Biome	(IO) Indian Ocean [MRGID:1904]	(MONS) Indian Monsoon Gyres Province [MRGID:21471]	SRF
TARA_B100000085	03/18/2010 09:52 AM	18.57	66.49	25.3	26.8	36.3	193	-0.6	0.02	0.26	0.09	1.28	45.9	0.33	0.03	1.63	2.14	9	35	83	29	555	115	2238	362	3181	3049	6.51	7.14	14680	0.744	703226	246739	949965	6045	11	TARA_039_DCM_0.22-1.6	ERS488916	ERR599145	http://www.ebi.ac.uk/ena/data/view/ERR599145	TARA_B100000085	http://www.pangaea.de/search?All&q=TARA_B100000085	TARA_039	2010-03-18 11:33:00	18.5839	66.4727	25	(DCM) deep chlorophyll maximum layer (ENVO:01000326)	0.22	1.6	Trades Biome	(IO) Indian Ocean [MRGID:1904]	(MONS) Indian Monsoon Gyres Province [MRGID:21471]	DCM
TARA_Y100000031	03/20/2010 09:36 AM	18.72	66.36	268.2	15.6	35.9	2.3	19.6	2.07	2.64	21.22	38.62	48.6	0.33	0.03	1.63	2.14	9	35	83	29	555	115	3024	513	5017	4988	5.49	7.22	17308	0.739	972004	0	972004	0	46	TARA_039_MES_0.22-1.6	ERS488936	ERR599037|ERR599172	http://www.ebi.ac.uk/ena/data/view/ERR599037,ERR599172	TARA_Y100000031	http://www.pangaea.de/search?All&q=TARA_Y100000031	TARA_039	2010-03-20 08:15:28	18.7341	66.3896	270	(MES) mesopelagic zone (ENVO:00000213) & marine oxygen minimum zone (ENVO:01000065)	0.22	1.6	Trades Biome	(IO) Indian Ocean [MRGID:1904]	(MONS) Indian Monsoon Gyres Province [MRGID:21471]	MES
TARA_X000000368	09/15/2009 04:45 PM	36.57	-6.54	38.7	16.2	36.6	NA	NA	NA	NA	NA	NA	37.6	0.01	0.02	NA	0	4	38	18	NA	NA	NA	3055	451	4174	4030	6.85	7.16	14607	0.747	1226212	56383	1282596	6890	11	TARA_004_DCM_0.22-1.6	ERS487936	ERR598950|ERR599095	http://www.ebi.ac.uk/ena/data/view/ERR598950,ERR599095	TARA_X000000368	http://www.pangaea.de/search?All&q=TARA_X000000368	TARA_004	2009-09-15 18:00:00	36.5533	-6.5669	40	(DCM) deep chlorophyll maximum layer (ENVO:01000326)	0.22	1.6	Westerlies Biome	(NAO) North Atlantic Ocean [MRGID:1912]	(NAST-E) North Atlantic Subtropical Gyral Province [MRGID:21467]	DCM
TARA_Y200000002	09/15/2009 10:15 AM	36.55	-6.57	10	20.5	36.6	NA	NA	NA	NA	NA	NA	39.9	0.01	0.02	NA	0	4	38	18	NA	NA	NA	2718	406	3763	3680	6.64	7.15	14591	0.745	839531	54593	894124	1222	15	TARA_004_SRF_0.22-1.6	ERS487899	ERR598955|ERR599003	http://www.ebi.ac.uk/ena/data/view/ERR598955,ERR599003	TARA_Y200000002	http://www.pangaea.de/search?All&q=TARA_Y200000002	TARA_004	2009-09-15 11:30:00	36.5533	-6.5669	5	(SRF) surface water layer (ENVO:00002042)	0.22	1.6	Westerlies Biome	(NAO) North Atlantic Ocean [MRGID:1912]	(NAST-E) North Atlantic Subtropical Gyral Province [MRGID:21467]	SRF
TARA_B100000287	03/30/2010 08:46 AM	14.56	70.01	58.2	27.1	36.5	148.3	-0.2	0.07	0.34	0.49	1.38	48.5	-0.16	0.03	0.43	21.64	5	65	57	30	422	75	2654	416	3901	3804	6.45	7.12	16485	0.733	491755	123011	614766	4463	11	TARA_041_DCM_0.22-1.6	ERS489074	ERR598977|ERR599053	http://www.ebi.ac.uk/ena/data/view/ERR598977,ERR599053	TARA_B100000287	http://www.pangaea.de/search?All&q=TARA_B100000287	TARA_041	2010-03-30 10:56:00	14.5536	70.0128	60	(DCM) deep chlorophyll maximum layer (ENVO:01000326)	0.22	1.6	Trades Biome	(IO) Indian Ocean [MRGID:1904]	(MONS) Indian Monsoon Gyres Province [MRGID:21471]	DCM
TARA_B100000282	03/30/2010 02:56 AM	14.6	69.98	5.5	29.1	36	187.4	-1.3	0	0.14	0.09	1.47	47.6	-0.16	0.03	0.43	21.64	5	65	57	30	422	75	2520	407	3964	3812	6.56	7.1	16594	0.731	491899	249308	741207	818	14	TARA_041_SRF_0.22-1.6	ERS489043	ERR599011|ERR599074	http://www.ebi.ac.uk/ena/data/view/ERR599011,ERR599074	TARA_B100000282	http://www.pangaea.de/search?All&q=TARA_B100000282	TARA_041	2010-03-30 02:47:00	14.6059	69.9776	5	(SRF) surface water layer (ENVO:00002042)	0.22	1.6	Trades Biome	(IO) Indian Ocean [MRGID:1904]	(MONS) Indian Monsoon Gyres Province [MRGID:21471]	SRF
TARA_B100000131	04/04/2010 09:05 AM	6	73.9	79	27.7	35.1	132.8	0.6	0.15	0.34	1.39	3.2	41.6	-0.03	0.04	NA	7.06	21	76	103	32	168	85	2545	407	3879	3662	6.47	7.11	15301	0.738	NA	29694	29694	1333	12	TARA_042_DCM_0.22-1.6	ERS489134	ERR599013|ERR599130	http://www.ebi.ac.uk/ena/data/view/ERR599013,ERR599130	TARA_B100000131	http://www.pangaea.de/search?All&q=TARA_B100000131	TARA_042	2010-04-04 09:50:00	5.9998	73.9067	80	(DCM) deep chlorophyll maximum layer (ENVO:01000326)	0.22	1.6	Trades Biome	(IO) Indian Ocean [MRGID:1904]	(MONS) Indian Monsoon Gyres Province [MRGID:21471]	DCM
TARA_B100000123	04/04/2010 03:13 AM	6.03	73.89	5.4	30	34.6	189.3	-1.5	0	0.08	0.03	2.21	51.7	-0.03	0.04	NA	7.06	21	76	103	32	168	85	2331	388	3665	3569	6.51	7.09	15541	0.735	808564	188746	997310	909	14	TARA_042_SRF_0.22-1.6	ERS489087	ERR599075|ERR599141	http://www.ebi.ac.uk/ena/data/view/ERR599075,ERR599141	TARA_B100000123	http://www.pangaea.de/search?All&q=TARA_B100000123	TARA_042	2010-04-04 02:47:00	6.0001	73.8955	5	(SRF) surface water layer (ENVO:00002042)	0.22	1.6	Trades Biome	(IO) Indian Ocean [MRGID:1904]	(MONS) Indian Monsoon Gyres Province [MRGID:21471]	SRF
TARA_B100000161	04/13/2010 03:21 AM	0	71.64	5.5	30.5	35.1	185.2	2.6	0.02	1.94	28.64	15.14	33.9	0.01	0	NA	0	14	48	47	28	869	132	2154	359	3345	3226	6.3	7.06	14553	0.736	393599	305984	699583	818	13	TARA_045_SRF_0.22-1.6	ERS489236	ERR599045|ERR599054	http://www.ebi.ac.uk/ena/data/view/ERR599045,ERR599054	TARA_B100000161	http://www.pangaea.de/search?All&q=TARA_B100000161	TARA_045	2010-04-13 03:21:00	0.0033	71.6428	5	(SRF) surface water layer (ENVO:00002042)	0.22	1.6	Trades Biome	(IO) Indian Ocean [MRGID:1904]	(MONS) Indian Monsoon Gyres Province [MRGID:21471]	SRF
TARA_B100000242	04/19/2010 07:54 AM	-9.39	66.42	5.4	29.8	34.2	187.3	-2.2	0.01	0.08	0.06	2.12	43.4	-0.07	0.05	1.99	6.19	17	59	30	28	111	61	1998	331	3066	2983	6.31	7.06	13177	0.744	313030	148147	461176	566	13	TARA_048_SRF_0.22-1.6	ERS489315	ERR599019|ERR599138	http://www.ebi.ac.uk/ena/data/view/ERR599019,ERR599138	TARA_B100000242	http://www.pangaea.de/search?All&q=TARA_B100000242	TARA_048	2010-04-19 07:56:00	-9.3921	66.4228	5	(SRF) surface water layer (ENVO:00002042)	0.22	1.6	Trades Biome	(IO) Indian Ocean [MRGID:1904]	(ISSG) Indian South Subtropical Gyre Province [MRGID:21472]	SRF
TARA_B100000214	05/17/2010 03:34 PM	-16.96	54.01	79	24.9	34.9	192.6	0.2	0.03	0.18	0.47	3.22	33.4	0.47	0.05	1.77	0	47	71	69	333	441	148	2558	398	3632	3553	6.65	7.11	15564	0.737	393152	153771	546924	3775	13	TARA_052_DCM_0.22-1.6	ERS489585	ERR599002|ERR599016	http://www.ebi.ac.uk/ena/data/view/ERR599002,ERR599016	TARA_B100000214	http://www.pangaea.de/search?All&q=TARA_B100000214	TARA_052	2010-05-17 11:42:00	-16.9534	53.9601	75	(DCM) deep chlorophyll maximum layer (ENVO:01000326)	0.22	1.6	Trades Biome	(IO) Indian Ocean [MRGID:1904]	(ISSG) Indian South Subtropical Gyre Province [MRGID:21472]	DCM
TARA_B100000212	05/17/2010 03:56 AM	-16.96	53.99	5.5	27.9	34.6	191.7	NA	0	0.12	0	2.67	33.9	0.47	0.05	1.77	0	47	71	69	333	441	148	2127	349	3096	3016	6.26	7.08	14573	0.739	425006	206037	631044	3913	15	TARA_052_SRF_0.22-1.6	ERS489529	ERR599098|ERR599139	http://www.ebi.ac.uk/ena/data/view/ERR599098,ERR599139	TARA_B100000212	http://www.pangaea.de/search?All&q=TARA_B100000212	TARA_052	2010-05-17 04:10:00	-16.957	53.9801	5	(SRF) surface water layer (ENVO:00002042)	0.22	1.6	Trades Biome	(IO) Indian Ocean [MRGID:1904]	(ISSG) Indian South Subtropical Gyre Province [MRGID:21472]	SRF
TARA_B100000378	06/26/2010 07:12 AM	-15.34	43.29	989.6	6.2	34.8	88.2	NA	NA	NA	NA	NA	37.6	NA	NA	NA	NA	80	86	88	32	994	NA	4209	624	6418	6273	6.93	7.37	20380	0.743	29861	0	29861	0	26	TARA_056_MES_0.22-3	ERS489727	ERR599112	http://www.ebi.ac.uk/ena/data/view/ERR599112	TARA_B100000378	http://www.pangaea.de/search?All&q=TARA_B100000378	TARA_056	2010-06-26 07:12:30	-15.3379	43.2948	1000	(MES) mesopelagic zone (ENVO:00000213)	0.22	3	Coastal Biome	(IO) Indian Ocean [MRGID:1904]	(EAFR) Eastern Africa Coastal Province [MRGID:21473]	MES
TARA_B000000609	06/26/2010 07:12 AM	-15.34	43.29	5.5	27.3	35	193.1	NA	NA	NA	NA	NA	37.6	NA	NA	NA	NA	80	86	88	32	994	NA	2407	401	3652	3472	6.52	7.08	13543	0.744	409420	207207	616626	634	13	TARA_056_SRF_0.22-3	ERS489712	ERR599057	http://www.ebi.ac.uk/ena/data/view/ERR599057	TARA_B000000609	http://www.pangaea.de/search?All&q=TARA_B000000609	TARA_056	2010-06-26 07:05:00	-15.3424	43.2965	5	(SRF) surface water layer (ENVO:00002042)	0.22	3	Coastal Biome	(IO) Indian Ocean [MRGID:1904]	(EAFR) Eastern Africa Coastal Province [MRGID:21473]	SRF
TARA_B000000565	06/27/2010 12:07 PM	-17.02	42.74	5.6	27	35.1	190.1	NA	0.02	0	0	2.81	25.1	NA	NA	NA	NA	14	17	11	17	4	NA	2548	414	4102	3913	6.57	7.15	14117	0.749	NA	NA	NA	NA	10	TARA_057_SRF_0.22-3	ERS489733	ERR599058	http://www.ebi.ac.uk/ena/data/view/ERR599058	TARA_B000000565	http://www.pangaea.de/search?All&q=TARA_B000000565	TARA_057	2010-06-27 12:05:00	-17.0248	42.7401	5	(SRF) surface water layer (ENVO:00002042)	0.22	3	Coastal Biome	(IO) Indian Ocean [MRGID:1904]	(EAFR) Eastern Africa Coastal Province [MRGID:21473]	SRF
TARA_B000000557	06/29/2010 01:12 PM	-17.32	42.29	67.1	25.3	35.2	185	0.8	0.03	0	0.06	2.51	29.2	0.21	0.33	NA	0	17	69	79	34	825	93	2496	397	3562	3484	6.64	7.12	15238	0.74	659427	233917	893344	2606	13	TARA_058_DCM_0.22-3	ERS489846	ERR599026	http://www.ebi.ac.uk/ena/data/view/ERR599026	TARA_B000000557	http://www.pangaea.de/search?All&q=TARA_B000000557	TARA_058	2010-06-29 15:00:00	-17.2855	42.2866	66	(DCM) deep chlorophyll maximum layer (ENVO:01000326)	0.22	3	Coastal Biome	(IO) Indian Ocean [MRGID:1904]	(EAFR) Eastern Africa Coastal Province [MRGID:21473]	DCM
TARA_B000000532	07/02/2010 10:17 AM	-21.38	39.56	5.4	25.1	35.3	199.9	-0.2	NA	NA	NA	NA	28.9	NA	NA	NA	NA	67	74	76	407	934	92	2348	377	3427	3298	6.64	7.11	13750	0.746	371432	149622	521054	1949	12	TARA_062_SRF_0.22-3	ERS489877	ERR599012	http://www.ebi.ac.uk/ena/data/view/ERR599012	TARA_B000000532	http://www.pangaea.de/search?All&q=TARA_B000000532	TARA_062	2010-07-03 08:09:00	-22.3368	40.3412	5	(SRF) surface water layer (ENVO:00002042)	0.22	3	Coastal Biome	(IO) Indian Ocean [MRGID:1904]	(EAFR) Eastern Africa Coastal Province [MRGID:21473]	SRF
TARA_B100000405	07/08/2010 05:19 AM	-29.54	37.94	63.6	22.3	35.3	207.4	-0.1	0	0.08	0.02	1.75	15.4	0.52	0.08	1.5	1.28	71	52	161	609	562	424	2541	404	3452	3366	6.64	7.16	16260	0.739	480670	197050	677720	7162	9	TARA_064_DCM_0.22-3	ERS490002	ERR598972|ERR599023|ERR599025	http://www.ebi.ac.uk/ena/data/view/ERR598972,ERR599023,ERR599025	TARA_B100000405	http://www.pangaea.de/search?All&q=TARA_B100000405	TARA_064	2010-07-08 06:21:00	-29.5333	37.9117	65	(DCM) deep chlorophyll maximum layer (ENVO:01000326)	0.22	3	Coastal Biome	(IO) Indian Ocean [MRGID:1904]	(EAFR) Eastern Africa Coastal Province [MRGID:21473]	DCM
TARA_B100000408	07/07/2010 01:29 PM	-29.51	37.94	990.8	7.7	34.6	193	NA	0	1.12	15.24	5.89	14.6	0.52	0.08	1.5	1.28	71	52	161	609	562	424	3640	572	6277	6068	6.79	7.18	19651	0.726	39746	0	39746	0	24	TARA_064_MES_0.22-3	ERS489987	ERR599021|ERR599164	http://www.ebi.ac.uk/ena/data/view/ERR599021,ERR599164	TARA_B100000408	http://www.pangaea.de/search?All&q=TARA_B100000408	TARA_064	2010-07-07 12:13:35	-29.5046	37.9599	1000	(MES) mesopelagic zone (ENVO:00000213)	0.22	3	Coastal Biome	(IO) Indian Ocean [MRGID:1904]	(EAFR) Eastern Africa Coastal Province [MRGID:21473]	MES
TARA_B100000401	07/07/2010 04:56 AM	-29.5	37.99	5.5	22.2	35.3	210	NA	0	0.08	0	1.77	15	0.52	0.08	1.5	1.28	71	52	161	609	562	424	2328	363	3176	3044	6.56	7.1	13216	0.748	570751	403151	973902	7078	11	TARA_064_SRF_0.22-3	ERS489917	ERR598970|ERR599088|ERR599150	http://www.ebi.ac.uk/ena/data/view/ERR598970,ERR599088,ERR599150	TARA_B100000401	http://www.pangaea.de/search?All&q=TARA_B100000401	TARA_064	2010-07-07 04:48:00	-29.5019	37.9889	5	(SRF) surface water layer (ENVO:00002042)	0.22	3	Coastal Biome	(IO) Indian Ocean [MRGID:1904]	(EAFR) Eastern Africa Coastal Province [MRGID:21473]	SRF
TARA_B000000441	07/12/2010 11:25 AM	-35.25	26.31	28.7	21.8	NA	206.4	NA	NA	NA	NA	NA	10.4	1.83	0.11	0.73	1.08	47	26	89	416	675	NA	3402	530	5405	5221	6.8	7.21	18416	0.734	521106	64001	585107	6166	12	TARA_065_DCM_0.22-3	ERS490085	ERR598990|ERR599018|ERR599110	http://www.ebi.ac.uk/ena/data/view/ERR598990,ERR599018,ERR599110	TARA_B000000441	http://www.pangaea.de/search?All&q=TARA_B000000441	TARA_065	2010-07-12 11:03:22	-35.2421	26.3048	30	(DCM) deep chlorophyll maximum layer (ENVO:01000326)	0.22	3	Coastal Biome	(IO) Indian Ocean [MRGID:1904]	(EAFR) Eastern Africa Coastal Province [MRGID:21473]	DCM
TARA_B000000460	07/12/2010 10:31 AM	-35.23	26.33	842.2	8.4	34.7	198	NA	NA	NA	NA	NA	10.4	1.83	0.11	0.73	1.08	47	26	89	416	675	NA	3725	585	6265	6195	6.79	7.21	19527	0.729	43105	0	43105	0	26	TARA_065_MES_0.22-3	ERS490065	ERR598960|ERR599034	http://www.ebi.ac.uk/ena/data/view/ERR598960,ERR599034	TARA_B000000460	http://www.pangaea.de/search?All&q=TARA_B000000460	TARA_065	2010-07-12 06:46:23	-35.1889	26.2905	850	(MES) mesopelagic zone (ENVO:00000213)	0.22	3	Coastal Biome	(IO) Indian Ocean [MRGID:1904]	(EAFR) Eastern Africa Coastal Province [MRGID:21473]	MES
TARA_B000000437	07/12/2010 06:46 AM	-35.19	26.29	5.9	21.8	35.4	207	NA	NA	NA	NA	NA	9.2	1.83	0.11	0.73	1.08	47	26	89	416	675	NA	2521	399	3386	3306	6.6	7.13	13735	0.748	538371	66905	605276	6590	12	TARA_065_SRF_0.22-3	ERS490029	ERR598979|ERR599146	http://www.ebi.ac.uk/ena/data/view/ERR598979,ERR599146	TARA_B000000437	http://www.pangaea.de/search?All&q=TARA_B000000437	TARA_065	2010-07-12 05:59:00	-35.1728	26.2868	5	(SRF) surface water layer (ENVO:00002042)	0.22	3	Coastal Biome	(IO) Indian Ocean [MRGID:1904]	(EAFR) Eastern Africa Coastal Province [MRGID:21473]	SRF
TARA_B000000477	07/15/2010 04:32 PM	-34.89	18.07	28.6	15	35.3	240.4	NA	0.26	0.37	3.23	2.47	13.1	0.01	0.05	NA	0	90	22	104	29	433	106	2942	432	3902	3806	6.66	7.14	14522	0.745	526353	36479	562832	12356	11	TARA_066_DCM_0.22-3	ERS490163	ERR598982|ERR599107	http://www.ebi.ac.uk/ena/data/view/ERR598982,ERR599107	TARA_B000000477	http://www.pangaea.de/search?All&q=TARA_B000000477	TARA_066	2010-07-15 15:36:10	-34.8901	18.0459	30	(DCM) deep chlorophyll maximum layer (ENVO:01000326)	0.22	3	Coastal Biome	(SAO) South Atlantic Ocean [MRGID:1914]	(BENG) Benguela Current Coastal Province [MRGID:21470]	DCM
TARA_B000000475	07/15/2010 12:26 PM	-34.94	17.94	5.4	15	35.3	238.9	2.5	0.3	0.34	3.34	2.74	14.3	0.01	0.05	NA	0	90	22	104	29	433	106	2866	417	3801	3672	6.65	7.13	13082	0.752	564191	32703	596894	15397	11	TARA_066_SRF_0.22-3	ERS490124	ERR598973|ERR599068|ERR599173	http://www.ebi.ac.uk/ena/data/view/ERR598973,ERR599068,ERR599173	TARA_B000000475	http://www.pangaea.de/search?All&q=TARA_B000000475	TARA_066	2010-07-15 12:22:00	-34.9449	17.9189	5	(SRF) surface water layer (ENVO:00002042)	0.22	3	Coastal Biome	(SAO) South Atlantic Ocean [MRGID:1914]	(BENG) Benguela Current Coastal Province [MRGID:21470]	SRF
TARA_B100000497	09/07/2010 06:35 AM	-32.23	17.71	5.5	12.8	34.8	249.4	0.4	0.17	1.02	7.09	13.88	37.7	0.04	0.14	NA	1.11	12	10	25	56	101	37	3445	490	4879	4765	6.92	7.23	14423	0.755	1840174	113647	1953821	46597	13	TARA_067_SRF_0.22-3	ERS490183	ERR598994|ERR599144	http://www.ebi.ac.uk/ena/data/view/ERR598994,ERR599144	TARA_B100000497	http://www.pangaea.de/search?All&q=TARA_B100000497	TARA_067	2010-09-07 06:19:00	-32.2401	17.7103	5	(SRF) surface water layer (ENVO:00002042)	0.22	3	Coastal Biome	(SAO) South Atlantic Ocean [MRGID:1914]	(BENG) Benguela Current Coastal Province [MRGID:21470]	SRF
TARA_B100000482	09/14/2010 09:14 AM	-31.03	4.69	40.3	16.8	35.7	231.7	NA	0.29	0.23	1.08	2.44	34.1	-0.25	0.04	0.22	31.83	187	37	200	56	772	450	2818	441	3797	3690	6.58	7.17	16121	0.741	549370	226449	775819	15436	9	TARA_068_DCM_0.22-3	ERS490296	ERR599017|ERR599056|ERR599103	http://www.ebi.ac.uk/ena/data/view/ERR599017,ERR599056,ERR599103	TARA_B100000482	http://www.pangaea.de/search?All&q=TARA_B100000482	TARA_068	2010-09-14 13:30:00	-31.027	4.6802	50	(DCM) deep chlorophyll maximum layer (ENVO:01000326)	0.22	3	Trades Biome	(SAO) South Atlantic Ocean [MRGID:1914]	(SATL) South Atlantic Gyral Province [MRGID:21459]	DCM
TARA_B100000470	09/13/2010 02:13 PM	-31.04	4.64	722.7	7	34.5	195.2	25.8	0	1.53	22.08	12.08	31.3	-0.25	0.04	0.22	31.83	187	37	200	56	772	450	3396	545	5526	5352	6.92	7.15	17660	0.731	60123	0	60123	0	22	TARA_068_MES_0.22-3	ERS490230	ERR598947|ERR599131	http://www.ebi.ac.uk/ena/data/view/ERR598947,ERR599131	TARA_B100000470	http://www.pangaea.de/search?All&q=TARA_B100000470	TARA_068	2010-09-13 13:02:33	-31.0198	4.6685	700	(MES) mesopelagic zone (ENVO:00000213)	0.22	3	Trades Biome	(SAO) South Atlantic Ocean [MRGID:1914]	(SATL) South Atlantic Gyral Province [MRGID:21459]	MES
TARA_B100000475	09/14/2010 09:14 AM	-31.03	4.69	5.4	16.8	35.7	231.9	NA	0.25	0.23	1.3	2.6	34.1	-0.25	0.04	0.22	31.83	187	37	200	56	772	450	2911	443	4047	3926	6.49	7.18	16906	0.738	439221	192777	631998	18473	10	TARA_068_SRF_0.22-3	ERS490265	ERR599129|ERR599171|ERR599174	http://www.ebi.ac.uk/ena/data/view/ERR599129,ERR599171,ERR599174	TARA_B100000475	http://www.pangaea.de/search?All&q=TARA_B100000475	TARA_068	2010-09-14 06:55:00	-31.0266	4.665	5	(SRF) surface water layer (ENVO:00002042)	0.22	3	Trades Biome	(SAO) South Atlantic Ocean [MRGID:1914]	(SATL) South Atlantic Gyral Province [MRGID:21459]	SRF
TARA_A200000159	09/23/2009 04:52 PM	37.04	1.95	41.7	17.4	NA	NA	NA	0	0.01	0.03	0.5	29.9	-0.79	0	NA	4.92	18	44	41	NA	NA	NA	3135	483	4786	4585	6.8	7.28	16417	0.75	2580789	156125	2736914	1859	14	TARA_007_DCM_0.22-1.6	ERS477953	ERR315856	http://www.ebi.ac.uk/ena/data/view/ERR315856	TARA_A200000159	http://www.pangaea.de/search?All&q=TARA_A200000159	TARA_007	2009-09-23 16:08:00	37.0541	1.9478	42	(DCM) deep chlorophyll maximum layer (ENVO:01000326)	0.22	1.6	Westerlies Biome	(MS) Mediterranean Sea [MRGID:1905]	(MEDI) Mediterranean Sea, Black Sea Province [MRGID:21465]	DCM
TARA_A200000113	09/23/2009 03:06 PM	37.02	1.95	7.5	23.8	37.5	NA	NA	0	0.06	0.03	0.52	29.9	-0.79	0	NA	4.92	18	44	41	NA	NA	NA	2592	401	3872	3729	6.53	7.2	15495	0.746	1004684	50586	1055270	813	14	TARA_007_SRF_0.22-1.6	ERS477931	ERR315857	http://www.ebi.ac.uk/ena/data/view/ERR315857	TARA_A200000113	http://www.pangaea.de/search?All&q=TARA_A200000113	TARA_007	2009-09-23 12:50:00	37.051	1.9378	5	(SRF) surface water layer (ENVO:00002042)	0.22	1.6	Westerlies Biome	(MS) Mediterranean Sea [MRGID:1905]	(MEDI) Mediterranean Sea, Black Sea Province [MRGID:21465]	SRF
TARA_B100000446	09/22/2010 10:38 AM	-20.37	-3.22	791.6	4.2	34.4	161.7	37.8	0.01	2.52	36.73	44.86	48.8	0	0.04	1.33	10.81	147	54	154	29	239	158	3208	508	5062	4886	6.18	7.37	19397	0.747	33173	0	33173	0	11	TARA_070_MES_0.22-3	ERS490373	ERR599044|ERR599149	http://www.ebi.ac.uk/ena/data/view/ERR599044,ERR599149	TARA_B100000446	http://www.pangaea.de/search?All&q=TARA_B100000446	TARA_070	2010-09-21 11:57:54	-20.4075	-3.1641	800	(MES) mesopelagic zone (ENVO:00000213)	0.22	3	Trades Biome	(SAO) South Atlantic Ocean [MRGID:1914]	(SATL) South Atlantic Gyral Province [MRGID:21459]	MES
TARA_B100000459	09/21/2010 07:05 AM	-20.44	-3.19	5.4	19.8	36.4	215.7	0.2	0.05	0.36	0.99	1.36	48.2	0	0.04	1.33	10.81	147	54	154	29	239	158	2766	441	3896	3759	6.56	7.16	16493	0.737	572821	117261	690082	9740	9	TARA_070_SRF_0.22-3	ERS490327	ERR599135|ERR599165	http://www.ebi.ac.uk/ena/data/view/ERR599135,ERR599165	TARA_B100000459	http://www.pangaea.de/search?All&q=TARA_B100000459	TARA_070	2010-09-21 06:55:00	-20.4091	-3.1759	5	(SRF) surface water layer (ENVO:00002042)	0.22	3	Trades Biome	(SAO) South Atlantic Ocean [MRGID:1914]	(SATL) South Atlantic Gyral Province [MRGID:21459]	SRF
TARA_B100000427	10/05/2010 12:42 PM	-8.7	-17.94	95.4	24.1	36.6	194.4	0.2	0.01	0.14	0.04	1.32	40.4	0.04	0.02	1.02	0	75	97	98	29	270	132	3000	465	4373	4263	6.7	7.17	17195	0.735	302791	123447	426238	3263	14	TARA_072_DCM_0.22-3	ERS490476	ERR599133|ERR599137	http://www.ebi.ac.uk/ena/data/view/ERR599133,ERR599137	TARA_B100000427	http://www.pangaea.de/search?All&q=TARA_B100000427	TARA_072	2010-10-05 15:35:00	-8.7296	-17.9604	100	(DCM) deep chlorophyll maximum layer (ENVO:01000326)	0.22	3	Trades Biome	(SAO) South Atlantic Ocean [MRGID:1914]	(SATL) South Atlantic Gyral Province [MRGID:21459]	DCM
TARA_B100000508	10/06/2010 09:59 AM	-8.8	-17.91	792.7	4.7	34.5	143.2	38.4	0.01	2.62	36.98	34.44	35.9	0.04	0.02	1.02	0	75	97	98	29	270	132	4548	667	6969	6848	7.03	7.29	21508	0.731	NA	NA	NA	NA	14	TARA_072_MES_0.22-3	ERS490507	ERR599005|ERR599048	http://www.ebi.ac.uk/ena/data/view/ERR599005,ERR599048	TARA_B100000508	http://www.pangaea.de/search?All&q=TARA_B100000508	TARA_072	2010-10-06 07:58:54	-8.7986	-17.9034	800	(MES) mesopelagic zone (ENVO:00000213)	0.22	3	Trades Biome	(SAO) South Atlantic Ocean [MRGID:1914]	(SATL) South Atlantic Gyral Province [MRGID:21459]	MES
TARA_B100000424	10/05/2010 08:10 AM	-8.78	-17.91	5.8	25	36.4	199.1	0.3	0	0.1	0.02	0.87	37.5	0.04	0.02	1.02	0	75	97	98	29	270	132	2743	431	3901	3816	6.64	7.12	17255	0.73	NA	NA	NA	NA	16	TARA_072_SRF_0.22-3	ERS490433	ERR598984|ERR599105	http://www.ebi.ac.uk/ena/data/view/ERR598984,ERR599105	TARA_B100000424	http://www.pangaea.de/search?All&q=TARA_B100000424	TARA_072	2010-10-05 08:00:00	-8.7789	-17.9099	5	(SRF) surface water layer (ENVO:00002042)	0.22	3	Trades Biome	(SAO) South Atlantic Ocean [MRGID:1914]	(SATL) South Atlantic Gyral Province [MRGID:21459]	SRF
TARA_B100000519	10/16/2010 05:43 PM	-21.05	-35.37	148	21.6	36.7	203.8	0.6	0.02	0.04	0	0.71	NA	0.01	0.02	0.7	3.53	34	129	154	53	395	395	3993	595	6142	6034	6.86	7.32	21732	0.733	266887	126802	393689	3021	16	TARA_076_DCM_0.22-3	ERS490597	ERR599040|ERR599148	http://www.ebi.ac.uk/ena/data/view/ERR599040,ERR599148	TARA_B100000519	http://www.pangaea.de/search?All&q=TARA_B100000519	TARA_076	2010-10-16 16:58:37	-21.0292	-35.3498	150	(DCM) deep chlorophyll maximum layer (ENVO:01000326)	0.22	3	Trades Biome	(SAO) South Atlantic Ocean [MRGID:1914]	(SATL) South Atlantic Gyral Province [MRGID:21459]	DCM
TARA_B100000749	10/17/2010 11:01 AM	-20.95	-35.22	792.8	4.7	34.4	192.2	34.6	0	0.94	12.08	4.39	NA	0.01	0.02	0.7	3.53	34	129	154	53	395	395	4037	606	6449	6385	6.89	7.29	21378	0.731	70300	0	70300	0	38	TARA_076_MES_0.22-3	ERS490633	ERR599000|ERR599154	http://www.ebi.ac.uk/ena/data/view/ERR599000,ERR599154	TARA_B100000749	http://www.pangaea.de/search?All&q=TARA_B100000749	TARA_076	2010-10-17 09:05:05	-20.9315	-35.1794	800	(MES) mesopelagic zone (ENVO:00000213)	0.22	3	Trades Biome	(SAO) South Atlantic Ocean [MRGID:1914]	(SATL) South Atlantic Gyral Province [MRGID:21459]	MES
TARA_B100000513	10/16/2010 10:07 AM	-20.94	-35.2	5.5	23.3	37.1	206.2	0	0	0.06	0	0.81	NA	0.01	0.02	0.7	3.53	34	129	154	53	395	395	2265	365	2710	2679	6.41	7.17	17695	0.733	418710	191229	609939	2215	16	TARA_076_SRF_0.22-3	ERS490542	ERR599010|ERR599126	http://www.ebi.ac.uk/ena/data/view/ERR599010,ERR599126	TARA_B100000513	http://www.pangaea.de/search?All&q=TARA_B100000513	TARA_076	2010-10-16 09:55:00	-20.9354	-35.1803	5	(SRF) surface water layer (ENVO:00002042)	0.22	3	Trades Biome	(SAO) South Atlantic Ocean [MRGID:1914]	(SATL) South Atlantic Gyral Province [MRGID:21459]	SRF
TARA_B100000530	11/04/2010 07:34 PM	-30.15	-43.25	118.3	19.3	36.3	217.1	0.5	0.05	0	0.1	0.32	NA	-0.04	0.08	1.91	14.53	34	113	41	317	409	436	3458	539	4628	4592	6.83	7.18	18431	0.731	421977	48836	470813	2505	12	TARA_078_DCM_0.22-3	ERS490691	ERR599046|ERR599101	http://www.ebi.ac.uk/ena/data/view/ERR599046,ERR599101	TARA_B100000530	http://www.pangaea.de/search?All&q=TARA_B100000530	TARA_078	2010-11-04 18:16:53	-30.1484	-43.2705	120	(DCM) deep chlorophyll maximum layer (ENVO:01000326)	0.22	3	Trades Biome	(SAO) South Atlantic Ocean [MRGID:1914]	(SATL) South Atlantic Gyral Province [MRGID:21459]	DCM
TARA_B100000745	11/05/2010 12:33 PM	-30.15	-43.29	792.7	5.9	34.4	214.8	29.8	0	1.95	28.21	13.93	NA	-0.04	0.08	1.91	14.53	34	113	41	317	409	436	4478	677	7168	7220	6.91	7.17	20751	0.721	220787	0	220787	0	34	TARA_078_MES_0.22-3	ERS490714	ERR599124|ERR599159	http://www.ebi.ac.uk/ena/data/view/ERR599124,ERR599159	TARA_B100000745	http://www.pangaea.de/search?All&q=TARA_B100000745	TARA_078	2010-11-05 12:33:27	-30.1471	-43.2915	800	(MES) mesopelagic zone (ENVO:00000213)	0.22	3	Trades Biome	(SAO) South Atlantic Ocean [MRGID:1914]	(SATL) South Atlantic Gyral Province [MRGID:21459]	MES
TARA_B100000524	11/04/2010 10:24 AM	-30.14	-43.29	5.6	19.9	36.3	221.5	-0.4	0	0	0.02	0.48	NA	-0.04	0.08	1.91	14.53	34	113	41	317	409	436	2585	416	3392	3377	6.6	7.12	15863	0.736	447396	213507	660903	5498	14	TARA_078_SRF_0.22-3	ERS490659	ERR599006|ERR599022	http://www.ebi.ac.uk/ena/data/view/ERR599006,ERR599022	TARA_B100000524	http://www.pangaea.de/search?All&q=TARA_B100000524	TARA_078	2010-11-04 10:04:00	-30.1367	-43.2899	5	(SRF) surface water layer (ENVO:00002042)	0.22	3	Trades Biome	(SAO) South Atlantic Ocean [MRGID:1914]	(SATL) South Atlantic Gyral Province [MRGID:21459]	SRF
TARA_B100000767	12/06/2010 04:37 PM	-47.21	-58.06	41.8	7	34.1	306.2	17.1	0.14	1.42	19.07	3.08	29.5	-0.01	0.05	1.01	2.92	29	45	62	60	556	63	2696	383	3778	3681	6.44	7.18	12940	0.759	445364	0	445364	7963	8	TARA_082_DCM_0.22-3	ERS490928	ERR599027|ERR599122	http://www.ebi.ac.uk/ena/data/view/ERR599027,ERR599122	TARA_B100000767	http://www.pangaea.de/search?All&q=TARA_B100000767	TARA_082	2010-12-06 18:58:00	-47.2007	-57.9446	40	(DCM) deep chlorophyll maximum layer (ENVO:01000326)	0.22	3	Coastal Biome	(SAO) South Atlantic Ocean [MRGID:1914]	(FKLD) Southwest Atlantic Shelves Province [MRGID:21469]	DCM
TARA_B100000768	12/06/2010 10:25 AM	-47.18	-58.3	5.5	7.3	34	305	17.1	0.15	1.3	18.15	1.82	27.5	-0.01	0.05	1.01	2.92	29	45	62	60	556	63	2667	377	3890	3745	6.36	7.21	12924	0.761	10639	0	10639	0	10	TARA_082_SRF_0.22-3	ERS490885	ERR599009|ERR599035	http://www.ebi.ac.uk/ena/data/view/ERR599009,ERR599035	TARA_B100000768	http://www.pangaea.de/search?All&q=TARA_B100000768	TARA_082	2010-12-06 10:33:00	-47.1863	-58.2902	5	(SRF) surface water layer (ENVO:00002042)	0.22	3	Coastal Biome	(SAO) South Atlantic Ocean [MRGID:1914]	(FKLD) Southwest Atlantic Shelves Province [MRGID:21469]	SRF
TARA_B100000780	01/03/2011 11:10 AM	-60.23	-60.65	5.9	1.8	33.7	338.3	24.4	0.27	1.72	25.3	16.55	36.2	0.16	0.32	0.76	1.83	42	69	88	55	519	91	2030	297	2876	2792	6.16	7.2	12175	0.766	265149	0	265149	1506	9	TARA_084_SRF_0.22-3	ERS491001	ERR598945|ERR599059	http://www.ebi.ac.uk/ena/data/view/ERR598945,ERR599059	TARA_B100000780	http://www.pangaea.de/search?All&q=TARA_B100000780	TARA_084	2011-01-03 11:05:00	-60.2287	-60.6476	5	(SRF) surface water layer (ENVO:00002042)	0.22	3	Polar Biome	(SO) Southern Ocean [MRGID:1907]	(ANTA) Antarctic Province [MRGID:21502]	SRF
TARA_B100000795	01/06/2011 08:36 PM	-62.24	-49.18	87.4	-0.8	34.3	325.4	33.1	0.06	2.31	31	81.82	38.3	0	0	0.22	3.08	38	49	51	31	427	275	1823	284	2654	2594	5.87	7.15	10090	0.776	202364	0	202364	787	10	TARA_085_DCM_0.22-3	ERS491095	ERR599104|ERR599121	http://www.ebi.ac.uk/ena/data/view/ERR599104,ERR599121	TARA_B100000795	http://www.pangaea.de/search?All&q=TARA_B100000795	TARA_085	2011-01-06 19:34:21	-62.2231	-49.2139	90	(DCM) deep chlorophyll maximum layer (ENVO:01000326)	0.22	3	Polar Biome	(SO) Southern Ocean [MRGID:1907]	(ANTA) Antarctic Province [MRGID:21502]	DCM
TARA_B100000809	01/07/2011 11:25 AM	-61.98	-49.45	783.8	0.5	34.7	203.8	38.8	0.02	2.61	36.37	83.35	34.2	0	0	0.22	3.08	38	49	51	31	427	275	3682	578	6143	6126	6.9	7.15	17413	0.732	17963	0	17963	0	17	TARA_085_MES_0.22-3	ERS491110	ERR599008|ERR599125	http://www.ebi.ac.uk/ena/data/view/ERR599008,ERR599125	TARA_B100000809	http://www.pangaea.de/search?All&q=TARA_B100000809	TARA_085	2011-01-07 10:39:47	-61.9689	-49.5017	790	(MES) mesopelagic zone (ENVO:00000213)	0.22	3	Polar Biome	(SO) Southern Ocean [MRGID:1907]	(ANTA) Antarctic Province [MRGID:21502]	MES
TARA_B100000787	01/06/2011 10:26 AM	-62.03	-49.54	5.9	0.7	34.4	343.4	27.5	0.11	2.11	28.5	79.52	32.4	0	0	0.22	3.08	38	49	51	31	427	275	1645	249	2355	2344	5.81	7.15	10111	0.776	411065	0	411065	0	8	TARA_085_SRF_0.22-3	ERS491044	ERR599090|ERR599176	http://www.ebi.ac.uk/ena/data/view/ERR599090,ERR599176	TARA_B100000787	http://www.pangaea.de/search?All&q=TARA_B100000787	TARA_085	2011-01-06 10:38:00	-62.0385	-49.529	5	(SRF) surface water layer (ENVO:00002042)	0.22	3	Polar Biome	(SO) Southern Ocean [MRGID:1907]	(ANTA) Antarctic Province [MRGID:21502]	SRF
TARA_X000001036	09/28/2009 01:36 PM	39.07	5.86	55	16.2	37.8	NA	NA	0.02	0.02	0.08	0.6	26.7	-0.77	0.08	0.69	13.61	21	53	35	NA	NA	NA	3229	473	4463	4297	6.91	7.15	15318	0.742	781039	19832	800871	2882	11	TARA_009_DCM_0.22-1.6	ERS488147	ERR594315|ERR594329	http://www.ebi.ac.uk/ena/data/view/ERR594315,ERR594329	TARA_X000001036	http://www.pangaea.de/search?All&q=TARA_X000001036	TARA_009	2009-09-28 16:59:00	39.0609	5.9422	55	(DCM) deep chlorophyll maximum layer (ENVO:01000326)	0.22	1.6	Westerlies Biome	(MS) Mediterranean Sea [MRGID:1905]	(MEDI) Mediterranean Sea, Black Sea Province [MRGID:21465]	DCM
TARA_X000000950	09/28/2009 01:36 PM	39.07	5.86	5.8	23.9	38	NA	NA	0.01	0.02	0.03	0.75	26.7	-0.77	0.08	0.69	13.61	21	53	35	NA	NA	NA	2741	414	3983	3865	6.62	7.22	15315	0.75	901463	39330	940793	1231	17	TARA_009_SRF_0.22-1.6	ERS488119	ERR594288|ERR594316|ERR594317	http://www.ebi.ac.uk/ena/data/view/ERR594288,ERR594316,ERR594317	TARA_X000000950	http://www.pangaea.de/search?All&q=TARA_X000000950	TARA_009	2009-09-28 12:18:00	39.1633	5.916	5	(SRF) surface water layer (ENVO:00002042)	0.22	1.6	Westerlies Biome	(MS) Mediterranean Sea [MRGID:1905]	(MEDI) Mediterranean Sea, Black Sea Province [MRGID:21465]	SRF
TARA_B100001059	03/12/2011 08:07 PM	-33.88	-73.05	33.8	16.4	34.3	237.2	0.7	0.37	1.07	7.55	0.59	36.4	-0.07	0.04	NA	3.86	22	32	34	29	144	51	3369	470	5020	4997	6.69	7.37	16672	0.758	1664530	88789	1753319	3890	10	TARA_093_DCM_0.22-3	ERS491463	ERR598965	http://www.ebi.ac.uk/ena/data/view/ERR598965	TARA_B100001059	http://www.pangaea.de/search?All&q=TARA_B100001059	TARA_093	2011-03-12 19:36:38	-33.9116	-73.0537	35	(DCM) deep chlorophyll maximum layer (ENVO:01000326)	0.22	3	Coastal Biome	(SPO) South Pacific Ocean [MRGID:1910]	(CHIL) Chile-Peru Current Coastal Province [MRGID:21495]	DCM
TARA_B100001063	03/12/2011 11:49 AM	-34.05	-73.08	5.3	18	34.3	244.9	-1.5	0.01	0.52	0.02	0.09	37.3	-0.07	0.04	NA	3.86	22	32	34	29	144	51	3225	447	4762	4659	6.85	7.33	17398	0.751	1495550	223179	1718729	8666	9	TARA_093_SRF_0.22-3	ERS491421	ERR599064	http://www.ebi.ac.uk/ena/data/view/ERR599064	TARA_B100001063	http://www.pangaea.de/search?All&q=TARA_B100001063	TARA_093	2011-03-12 11:34:00	-34.0614	-73.1066	5	(SRF) surface water layer (ENVO:00002042)	0.22	3	Coastal Biome	(SPO) South Pacific Ocean [MRGID:1910]	(CHIL) Chile-Peru Current Coastal Province [MRGID:21495]	SRF
TARA_B100001057	03/18/2011 02:16 PM	-32.78	-87.09	5.4	21.1	34.7	219.2	-0.4	0	0.28	0.03	0.09	44.3	0	0.05	0.73	12.97	43	62	53	50	287	269	2711	402	3833	3710	6.67	7.19	16192	0.741	NA	NA	NA	NA	17	TARA_094_SRF_0.22-3	ERS491492	ERR599050	http://www.ebi.ac.uk/ena/data/view/ERR599050	TARA_B100001057	http://www.pangaea.de/search?All&q=TARA_B100001057	TARA_094	2011-03-18 11:57:00	-32.7971	-87.0693	5	(SRF) surface water layer (ENVO:00002042)	0.22	3	Trades Biome	(SPO) South Pacific Ocean [MRGID:1910]	(SPSG) South Pacific Subtropical Gyre Province, North and South [MRGID:21486]	SRF
TARA_B100000989	03/24/2011 01:07 PM	-29.72	-101.16	5.5	23.8	35.8	204.1	-0.4	0	0.16	0.02	0.53	43.2	0.02	0.01	0.51	4.25	42	155	52	72	473	377	2184	338	3194	3118	6.15	7.1	14496	0.741	384614	0	384614	948	16	TARA_096_SRF_0.22-3	ERS491525	ERR598967	http://www.ebi.ac.uk/ena/data/view/ERR598967	TARA_B100000989	http://www.pangaea.de/search?All&q=TARA_B100000989	TARA_096	2011-03-24 13:00:00	-29.7238	-101.1604	5	(SRF) surface water layer (ENVO:00002042)	0.22	3	Trades Biome	(SPO) South Pacific Ocean [MRGID:1910]	(SPSG) South Pacific Subtropical Gyre Province, North and South [MRGID:21486]	SRF
TARA_B100001029	04/04/2011 08:23 AM	-25.85	-111.77	183.3	20.2	35.8	210.6	-0.7	0.02	0.1	0.05	0.35	44.6	-0.03	0.03	0.36	61.78	53	176	73	93	484	360	2717	430	3972	3844	6.47	7.1	14256	0.742	183522	85755	269276	420	13	TARA_098_DCM_0.22-3	ERS491740	ERR599042|ERR599079	http://www.ebi.ac.uk/ena/data/view/ERR599042,ERR599079	TARA_B100001029	http://www.pangaea.de/search?All&q=TARA_B100001029	TARA_098	2011-04-03 21:50:58	-25.826	-111.7294	188	(DCM) deep chlorophyll maximum layer (ENVO:01000326)	0.22	3	Trades Biome	(SPO) South Pacific Ocean [MRGID:1910]	(SPSG) South Pacific Subtropical Gyre Province, North and South [MRGID:21486]	DCM
TARA_B100001013	04/04/2011 05:28 PM	-25.82	-111.74	481.1	8.1	34.4	155.6	24.6	0	2.02	27.29	12.05	45	-0.03	0.03	0.36	61.78	53	176	73	93	484	360	3103	499	4912	4842	6.54	7.1	17162	0.728	54704	0	54704	0	21	TARA_098_MES_0.22-3	ERS491767	ERR599071|ERR599085	http://www.ebi.ac.uk/ena/data/view/ERR599071,ERR599085	TARA_B100001013	http://www.pangaea.de/search?All&q=TARA_B100001013	TARA_098	2011-04-04 13:55:02	-25.8076	-111.6906	488	(MES) mesopelagic zone (ENVO:00000213)	0.22	3	Trades Biome	(SPO) South Pacific Ocean [MRGID:1910]	(SPSG) South Pacific Subtropical Gyre Province, North and South [MRGID:21486]	MES
TARA_B100001027	04/03/2011 06:10 PM	-25.83	-111.78	5.6	25.1	36.4	200.5	-1.6	0	0.2	0.05	0.38	44.9	-0.03	0.03	0.36	61.78	53	176	73	93	484	360	2195	343	3095	3050	6.28	7.09	14079	0.742	387346	0	387346	436	15	TARA_098_SRF_0.22-3	ERS491699	ERR599093|ERR599120	http://www.ebi.ac.uk/ena/data/view/ERR599093,ERR599120	TARA_B100001027	http://www.pangaea.de/search?All&q=TARA_B100001027	TARA_098	2011-04-03 13:44:00	-25.8051	-111.7202	5	(SRF) surface water layer (ENVO:00002042)	0.22	3	Trades Biome	(SPO) South Pacific Ocean [MRGID:1910]	(SPSG) South Pacific Subtropical Gyre Province, North and South [MRGID:21486]	SRF
TARA_B100000886	04/09/2011 02:09 PM	-21.15	-104.79	5.4	23.8	36.1	204	-1.7	0	0.29	0.04	0.55	44.6	0	0	0.71	13.53	63	145	72	99	388	314	2237	354	3185	3090	6.4	7.11	13751	0.746	NA	NA	NA	NA	15	TARA_099_SRF_0.22-3	ERS491804	ERR599024	http://www.ebi.ac.uk/ena/data/view/ERR599024	TARA_B100000886	http://www.pangaea.de/search?All&q=TARA_B100000886	TARA_099	2011-04-09 13:56:00	-21.146	-104.787	5	(SRF) surface water layer (ENVO:00002042)	0.22	3	Trades Biome	(SPO) South Pacific Ocean [MRGID:1910]	(SPSG) South Pacific Subtropical Gyre Province, North and South [MRGID:21486]	SRF
